Year,Month,Lab,Total_TiB,CGSB_TiB,Gencore_TiB
2026,April,Abreu,2.632,2.085,0.547
2026,April,Bayer,0.006,0.006,0.000
2026,April,Bergelson,89.522,80.722,8.799
2026,April,BioClasses,0.371,0.000,0.371
2026,April,Birnbaum,41.449,37.003,4.446
2026,April,Blau,0.344,0.000,0.344
2026,April,Bonneau,20.276,20.276,0.000
2026,April,Carlton,34.636,31.619,3.017
2026,April,Carmofon,0.390,0.000,0.390
2026,April,Christiaen,0.820,0.000,0.820
2026,April,Church,8.162,8.162,0.000
2026,April,Core,0.362,0.000,0.362
2026,April,Coruzzi,42.477,34.275,8.202
2026,April,Desplan,57.784,53.666,4.118
2026,April,Disotell,0.005,0.000,0.005
2026,April,Egrin,7.635,7.635,0.000
2026,April,Eichenberger,0.148,0.000,0.148
2026,April,Ercan,72.264,65.714,6.550
2026,April,Fitch,0.281,0.000,0.281
2026,April,Gainetdinov,52.524,48.930,3.594
2026,April,Ghedin,9.458,0.000,9.458
2026,April,Gresham,56.421,46.678,9.744
2026,April,Gunsalus,0.120,0.000,0.120
2026,April,Gunsiano,6.552,6.552,0.000
2026,April,Herati,1.236,0.000,1.236
2026,April,Hochwagen,38.213,36.355,1.858
2026,April,Huang,3.121,1.798,1.324
2026,April,Li,0.354,0.162,0.192
2026,April,Mazzoni,24.917,21.223,3.694
2026,April,Pascual,71.996,71.996,0.000
2026,April,Purugganan,12.813,0.000,12.813
2026,April,Regen,0.117,0.000,0.117
2026,April,Regulon,1.029,0.936,0.093
2026,April,Rocha,52.679,52.679,0.000
2026,April,Rockman,84.489,71.302,13.187
2026,April,Rojas,0.000,0.000,0.000
2026,April,Rushlow,0.289,0.000,0.289
2026,April,Sanjana,13.793,3.380,10.412
2026,April,Satija,2.978,0.000,2.978
2026,April,Scicchitano,1.392,0.000,1.392
2026,April,Siegal,46.097,43.317,2.780
2026,April,Small,0.012,0.000,0.012
2026,April,Smith,4.467,0.461,4.005
2026,April,Vogel,0.223,0.000,0.223
2026,April,Winchell,2.455,0.000,2.455
2026,March,Abreu,2.528,2.095,0.434
2026,March,Bayer,0.001,0.001,0.0
2026,March,Bergelson,88.804,80.522,8.282
2026,March,BioClasses,0.39,0.0,0.39
2026,March,Birnbaum,48.777,44.579,4.198
2026,March,Blau,0.242,0.0,0.242
2026,March,Bonneau,20.334,20.334,0.0
2026,March,Carlton,34.462,31.544,2.918
2026,March,Carmofon,0.377,0.0,0.377
2026,March,Christiaen,0.856,0.0,0.856
2026,March,Church,0.913,0.913,0.0
2026,March,Core,0.343,0.0,0.343
2026,March,Coruzzi,41.849,33.718,8.131
2026,March,Desplan,56.407,52.266,4.141
2026,March,Disotell,0.003,0.0,0.003
2026,March,Egrin,7.485,7.485,0.0
2026,March,Eichenberger,0.128,0.0,0.128
2026,March,Ercan,68.898,62.507,6.391
2026,March,Fitch,0.249,0.0,0.249
2026,March,Gainetdinov,47.117,43.421,3.696
2026,March,Ghedin,9.579,0.0,9.579
2026,March,Gresham,55.821,45.799,10.022
2026,March,Gunsalus,0.128,0.0,0.128
2026,March,Gunsiano,6.365,6.365,0.0
2026,March,Herati,1.286,0.0,1.286
2026,March,Hochwagen,37.792,36.038,1.754
2026,March,Huang,3.09,1.739,1.352
2026,March,Li,0.355,0.183,0.173
2026,March,Mazzoni,25.092,21.284,3.808
2026,March,Pascual,17.497,17.497,0.0
2026,March,Purugganan,12.598,0.0,12.598
2026,March,Regen,0.138,0.0,0.138
2026,March,Regulon,0.108,0.018,0.09
2026,March,Rocha,59.033,59.033,0.0
2026,March,Rockman,84.627,71.32,13.307
2026,March,Rojas,0.008,0.0,0.008
2026,March,Rushlow,0.307,0.0,0.307
2026,March,Sanjana,13.779,3.422,10.357
2026,March,Satija,2.768,0.0,2.768
2026,March,Scicchitano,1.339,0.0,1.339
2026,March,Siegal,44.549,41.8,2.749
2026,March,Small,0.016,0.0,0.016
2026,March,Smith,4.411,0.438,3.973
2026,March,Vogel,0.194,0.0,0.194
2026,March,Winchell,2.382,0.0,2.382
2026,January,Bergelson,85.762,78.081,7.681
2026,January,Birnbaum,29.946,25.793,4.153
2026,January,Blau,0.242,0.0,0.242
2026,January,Bonneau,20.153,20.153,0.0
2026,January,Carlton,34.902,31.835,3.067
2026,January,Carmofon,0.387,0.0,0.387
2026,January,Carmona-Fontaine,0.387,0.0,0.387
2026,January,Christiaen,0.853,0.0,0.853
2026,January,Coruzzi,40.927,33.024,7.903
2026,January,Desplan,56.518,52.399,4.119
2026,January,Disotell,0.004,0.0,0.004
2026,January,Egrin,7.635,7.635,0.0
2026,January,Eichenberger,0.128,0.0,0.128
2026,January,Ercan,65.767,59.528,6.239
2026,January,Fitch,0.244,0.0,0.244
2026,January,Gainetdinov,21.264,17.589,3.675
2026,January,Ghedin,9.498,0.0,9.498
2026,January,Gresham,53.453,43.643,9.81
2026,January,Gunsiano,6.619,6.619,0.0
2026,January,Hochwagen,38.038,36.433,1.605
2026,January,Huang,2.817,1.494,1.323
2026,January,Li,0.179,0.0,0.179
2026,January,Mazzoni,24.92,21.098,3.822
2026,January,Pascual,17.474,17.474,0.0
2026,January,Purugganan,18.224,7.635,10.589
2026,January,Rockman,79.756,66.48,13.276
2026,January,Rojas,0.005,0.0,0.005
2026,January,Rushlow,0.296,0.0,0.296
2026,January,Sanjana,13.989,3.513,10.476
2026,January,Satija,2.921,0.0,2.921
2026,January,Scicchitano,1.353,0.0,1.353
2026,January,Siegal,43.095,40.393,2.702
2026,January,Small,0.014,0.0,0.014
2026,January,Smith,4.389,0.462,3.927
2026,January,Vogel,0.077,0.0,0.077
2026,January,Winchell,2.397,0.0,2.397
2025,December,Bergelson,85.542,78.081,7.461
2025,December,Birnbaum,29.946,25.793,4.153
2025,December,Blau,0.242,0.0,0.242
2025,December,Bonneau,20.153,20.153,0.0
2025,December,Carlton,34.902,31.835,3.067
2025,December,Carmofon,0.387,0.0,0.387
2025,December,Carmona-Fontaine,0.387,0.0,0.387
2025,December,Christiaen,0.853,0.0,0.853
2025,December,Coruzzi,40.927,33.024,7.903
2025,December,Desplan,56.518,52.399,4.119
2025,December,Disotell,0.004,0.0,0.004
2025,December,Egrin,7.635,7.635,0.0
2025,December,Eichenberger,0.128,0.0,0.128
2025,December,Ercan,65.529,59.528,6.001
2025,December,Fitch,0.244,0.0,0.244
2025,December,Gainetdinov,21.264,17.589,3.675
2025,December,Ghedin,9.498,0.0,9.498
2025,December,Gresham,53.367,43.643,9.724
2025,December,Gunsiano,6.619,6.619,0.0
2025,December,Hochwagen,38.038,36.433,1.605
2025,December,Huang,2.817,1.494,1.323
2025,December,Li,0.179,0.0,0.179
2025,December,Mazzoni,24.92,21.098,3.822
2025,December,Pascual,17.474,17.474,0.0
2025,December,Purugganan,18.223,7.635,10.588
2025,December,Rockman,79.756,66.48,13.276
2025,December,Rojas,0.005,0.0,0.005
2025,December,Rushlow,0.296,0.0,0.296
2025,December,Sanjana,13.989,3.513,10.476
2025,December,Satija,2.921,0.0,2.921
2025,December,Scicchitano,1.353,0.0,1.353
2025,December,Siegal,43.095,40.393,2.702
2025,December,Small,0.014,0.0,0.014
2025,December,Smith,4.389,0.462,3.927
2025,December,Vogel,0.077,0.0,0.077
2025,December,Winchell,2.397,0.0,2.397
2025,November,Bergelson,85.278,77.964,7.314
2025,November,Birnbaum,29.823,25.793,4.03
2025,November,Blau,0.242,0.0,0.242
2025,November,Bonneau,20.153,20.153,0.0
2025,November,Carlton,34.902,31.835,3.067
2025,November,Carmofon,0.387,0.0,0.387
2025,November,Carmona-Fontaine,0.387,0.0,0.387
2025,November,Christiaen,0.853,0.0,0.853
2025,November,Coruzzi,40.651,33.024,7.627
2025,November,Desplan,56.231,52.112,4.119
2025,November,Disotell,0.004,0.0,0.004
2025,November,Egrin,7.635,7.635,0.0
2025,November,Eichenberger,0.128,0.0,0.128
2025,November,Ercan,65.461,59.46,6.001
2025,November,Fitch,0.244,0.0,0.244
2025,November,Gainetdinov,22.103,18.428,3.675
2025,November,Ghedin,9.498,0.0,9.498
2025,November,Gresham,53.049,43.325,9.724
2025,November,Gunsiano,6.619,6.619,0.0
2025,November,Hochwagen,37.949,36.433,1.516
2025,November,Huang,2.817,1.494,1.323
2025,November,Li,0.179,0.0,0.179
2025,November,Mazzoni,24.92,21.098,3.822
2025,November,Pascual,15.965,15.965,0.0
2025,November,Purugganan,18.22,7.635,10.585
2025,November,Rockman,79.478,66.48,12.998
2025,November,Rojas,0.005,0.0,0.005
2025,November,Rushlow,0.296,0.0,0.296
2025,November,Sanjana,13.989,3.513,10.476
2025,November,Satija,2.921,0.0,2.921
2025,November,Scicchitano,1.353,0.0,1.353
2025,November,Siegal,43.073,40.371,2.702
2025,November,Small,0.014,0.0,0.014
2025,November,Smith,4.389,0.462,3.927
2025,November,Vogel,0.044,0.0,0.044
2025,November,Winchell,2.397,0.0,2.397
2025,October,Bergelson,82.461,75.16,7.301
2025,October,Birnbaum,29.823,25.793,4.03
2025,October,Blau,0.242,0.0,0.242
2025,October,Bonneau,20.153,20.153,0.0
2025,October,Carlton,34.902,31.835,3.067
2025,October,Carmofon,0.387,0.0,0.387
2025,October,Carmona-Fontaine,0.387,0.0,0.387
2025,October,Christiaen,0.853,0.0,0.853
2025,October,Coruzzi,40.597,32.97,7.627
2025,October,Desplan,41.244,37.125,4.119
2025,October,Disotell,0.004,0.0,0.004
2025,October,Egrin,7.635,7.635,0.0
2025,October,Eichenberger,0.128,0.0,0.128
2025,October,Ercan,65.116,59.15,5.966
2025,October,Fitch,0.244,0.0,0.244
2025,October,Gainetdinov,16.333,12.658,3.675
2025,October,Ghedin,9.498,0.0,9.498
2025,October,Gresham,52.855,43.413,9.442
2025,October,Gunsiano,6.619,6.619,0.0
2025,October,Hochwagen,50.693,49.177,1.516
2025,October,Huang,2.817,1.494,1.323
2025,October,Li,0.179,0.0,0.179
2025,October,Mazzoni,24.92,21.098,3.822
2025,October,Pascual,8.333,8.333,0.0
2025,October,Purugganan,16.744,7.635,9.109
2025,October,Rockman,79.458,66.46,12.998
2025,October,Rojas,0.005,0.0,0.005
2025,October,Rushlow,0.296,0.0,0.296
2025,October,Sanjana,13.933,3.513,10.42
2025,October,Satija,2.921,0.0,2.921
2025,October,Scicchitano,1.353,0.0,1.353
2025,October,Siegal,42.378,39.684,2.694
2025,October,Small,0.014,0.0,0.014
2025,October,Smith,4.389,0.462,3.927
2025,October,Vogel,0.043,0.0,0.043
2025,October,Winchell,2.397,0.0,2.397
2025,September,Bergelson,81.365,74.104,7.261
2025,September,Birnbaum,29.827,25.757,4.07
2025,September,Blau,0.242,0.0,0.242
2025,September,Bonneau,20.153,20.153,0.0
2025,September,Carlton,34.902,31.835,3.067
2025,September,Carmofon,0.387,0.0,0.387
2025,September,Carmona-Fontaine,0.387,0.0,0.387
2025,September,Christiaen,0.899,0.0,0.899
2025,September,Coruzzi,40.594,32.913,7.681
2025,September,Desplan,37.217,32.496,4.721
2025,September,Disotell,0.004,0.0,0.004
2025,September,Egrin,7.635,7.635,0.0
2025,September,Eichenberger,0.128,0.0,0.128
2025,September,Ercan,60.303,54.42,5.883
2025,September,Fitch,0.244,0.0,0.244
2025,September,Gainetdinov,19.986,16.311,3.675
2025,September,Ghedin,10.073,0.0,10.073
2025,September,Gresham,52.302,42.396,9.906
2025,September,Gunsiano,6.619,6.619,0.0
2025,September,Hochwagen,50.465,48.974,1.491
2025,September,Huang,2.82,1.493,1.327
2025,September,Li,0.179,0.0,0.179
2025,September,Mazzoni,25.099,21.098,4.001
2025,September,Pascual,8.105,8.105,0.0
2025,September,Purugganan,16.758,7.635,9.123
2025,September,Rockman,79.459,66.426,13.033
2025,September,Rojas,0.005,0.0,0.005
2025,September,Rushlow,0.296,0.0,0.296
2025,September,Sanjana,14.068,3.513,10.555
2025,September,Satija,2.921,0.0,2.921
2025,September,Scicchitano,1.363,0.0,1.363
2025,September,Siegal,42.378,39.684,2.694
2025,September,Small,0.014,0.0,0.014
2025,September,Smith,4.389,0.462,3.927
2025,September,Vogel,0.043,0.0,0.043
2025,September,Winchell,2.397,0.0,2.397
2025,August,Bergelson,80.885,73.625,7.26
2025,August,Birnbaum,29.827,25.757,4.07
2025,August,Blau,0.242,0.0,0.242
2025,August,Bonneau,20.153,20.153,0.0
2025,August,Carlton,34.902,31.835,3.067
2025,August,Carmofon,0.387,0.0,0.387
2025,August,Carmona-Fontaine,0.387,0.0,0.387
2025,August,Christiaen,0.899,0.0,0.899
2025,August,Coruzzi,39.989,32.68,7.309
2025,August,Desplan,37.103,32.382,4.721
2025,August,Disotell,0.004,0.0,0.004
2025,August,Egrin,7.635,7.635,0.0
2025,August,Eichenberger,0.128,0.0,0.128
2025,August,Ercan,48.317,43.106,5.211
2025,August,Fitch,0.244,0.0,0.244
2025,August,Gainetdinov,9.921,7.822,2.099
2025,August,Ghedin,10.073,0.0,10.073
2025,August,Gresham,50.772,40.866,9.906
2025,August,Gunsiano,6.619,6.619,0.0
2025,August,Hochwagen,50.129,48.7,1.429
2025,August,Huang,2.82,1.493,1.327
2025,August,Li,0.179,0.0,0.179
2025,August,Mazzoni,25.099,21.098,4.001
2025,August,Pascual,7.948,7.948,0.0
2025,August,Purugganan,16.758,7.635,9.123
2025,August,Rockman,79.459,66.426,13.033
2025,August,Rojas,0.005,0.0,0.005
2025,August,Rushlow,0.296,0.0,0.296
2025,August,Sanjana,14.038,3.513,10.525
2025,August,Satija,2.921,0.0,2.921
2025,August,Scicchitano,1.363,0.0,1.363
2025,August,Siegal,42.373,39.679,2.694
2025,August,Small,0.014,0.0,0.014
2025,August,Smith,4.363,0.462,3.901
2025,August,Vogel,0.042,0.0,0.042
2025,August,Winchell,2.397,0.0,2.397
2025,July,Bergelson,79.901,72.641,7.26
2025,July,Birnbaum,29.474,25.404,4.07
2025,July,Blau,0.242,0.0,0.242
2025,July,Bonneau,20.153,20.153,0.0
2025,July,Carlton,34.902,31.835,3.067
2025,July,Carmofon,0.387,0.0,0.387
2025,July,Carmona-Fontaine,0.387,0.0,0.387
2025,July,Christiaen,0.899,0.0,0.899
2025,July,Coruzzi,39.293,31.984,7.309
2025,July,Desplan,36.878,32.157,4.721
2025,July,Disotell,0.004,0.0,0.004
2025,July,Egrin,7.635,7.635,0.0
2025,July,Eichenberger,0.128,0.0,0.128
2025,July,Ercan,46.011,40.998,5.013
2025,July,Fitch,0.244,0.0,0.244
2025,July,Gainetdinov,10.872,8.773,2.099
2025,July,Ghedin,10.073,0.0,10.073
2025,July,Gresham,48.268,38.475,9.793
2025,July,Gunsiano,6.619,6.619,0.0
2025,July,Hochwagen,50.129,48.7,1.429
2025,July,Huang,2.818,1.491,1.327
2025,July,Li,0.179,0.0,0.179
2025,July,Mazzoni,25.099,21.098,4.001
2025,July,Pascual,7.537,7.537,0.0
2025,July,Purugganan,16.758,7.635,9.123
2025,July,Rockman,79.439,66.406,13.033
2025,July,Rojas,0.005,0.0,0.005
2025,July,Rushlow,0.296,0.0,0.296
2025,July,Sanjana,13.448,3.513,9.935
2025,July,Satija,2.921,0.0,2.921
2025,July,Scicchitano,1.363,0.0,1.363
2025,July,Siegal,43.986,41.292,2.694
2025,July,Small,0.014,0.0,0.014
2025,July,Smith,4.228,0.462,3.766
2025,July,Vogel,0.042,0.0,0.042
2025,July,Winchell,2.397,0.0,2.397
2025,June,Bergelson,75.8,68.93,6.87
2025,June,Birnbaum,28.976,24.906,4.07
2025,June,Blau,0.242,0.0,0.242
2025,June,Bonneau,20.153,20.153,0.0
2025,June,Carlton,34.902,31.835,3.067
2025,June,Carmofon,0.387,0.0,0.387
2025,June,Carmona-Fontaine,0.387,0.0,0.387
2025,June,Christiaen,0.899,0.0,0.899
2025,June,Coruzzi,39.121,31.98,7.141
2025,June,Desplan,36.501,31.78,4.721
2025,June,Disotell,0.004,0.0,0.004
2025,June,Egrin,7.635,7.635,0.0
2025,June,Eichenberger,0.128,0.0,0.128
2025,June,Ercan,40.413,35.4,5.013
2025,June,Fitch,0.229,0.0,0.229
2025,June,Gainetdinov,8.252,6.153,2.099
2025,June,Ghedin,10.073,0.0,10.073
2025,June,Gresham,46.633,36.875,9.758
2025,June,Gunsiano,6.619,6.619,0.0
2025,June,Hochwagen,50.129,48.7,1.429
2025,June,Huang,2.639,1.432,1.207
2025,June,Li,0.179,0.0,0.179
2025,June,Mazzoni,25.099,21.098,4.001
2025,June,Pascual,7.537,7.537,0.0
2025,June,Purugganan,16.506,7.635,8.871
2025,June,Rockman,79.441,66.409,13.032
2025,June,Rojas,0.005,0.0,0.005
2025,June,Rushlow,0.296,0.0,0.296
2025,June,Sanjana,13.312,3.513,9.799
2025,June,Satija,2.921,0.0,2.921
2025,June,Scicchitano,1.363,0.0,1.363
2025,June,Siegal,50.927,48.301,2.626
2025,June,Small,0.014,0.0,0.014
2025,June,Smith,4.228,0.462,3.766
2025,June,Vogel,0.042,0.0,0.042
2025,June,Winchell,1.776,0.0,1.776
2025,May,Bergelson,74.222,67.352,6.87
2025,May,Birnbaum,28.976,24.906,4.07
2025,May,Blau,0.208,0.0,0.208
2025,May,Bonneau,20.153,20.153,0.0
2025,May,Carlton,34.9,31.833,3.067
2025,May,Carmofon,0.387,0.0,0.387
2025,May,Carmona-Fontaine,0.387,0.0,0.387
2025,May,Christiaen,0.899,0.0,0.899
2025,May,Coruzzi,38.869,31.728,7.141
2025,May,Desplan,36.5,31.779,4.721
2025,May,Disotell,0.004,0.0,0.004
2025,May,Egrin,7.633,7.633,0.0
2025,May,Eichenberger,0.128,0.0,0.128
2025,May,Ercan,40.194,35.181,5.013
2025,May,Fitch,0.229,0.0,0.229
2025,May,Gainetdinov,6.619,4.52,2.099
2025,May,Ghedin,10.073,0.0,10.073
2025,May,Gresham,46.357,36.599,9.758
2025,May,Gunsiano,6.619,6.619,0.0
2025,May,Hochwagen,50.058,48.664,1.394
2025,May,Huang,2.639,1.432,1.207
2025,May,Li,0.179,0.0,0.179
2025,May,Mazzoni,25.099,21.098,4.001
2025,May,Pascual,7.525,7.525,0.0
2025,May,Purugganan,16.504,7.633,8.871
2025,May,Rockman,79.42,66.388,13.032
2025,May,Rojas,0.005,0.0,0.005
2025,May,Rushlow,0.296,0.0,0.296
2025,May,Sanjana,13.211,3.513,9.698
2025,May,Satija,2.921,0.0,2.921
2025,May,Scicchitano,1.363,0.0,1.363
2025,May,Siegal,66.077,63.451,2.626
2025,May,Small,0.014,0.0,0.014
2025,May,Smith,4.227,0.461,3.766
2025,May,Vogel,0.042,0.0,0.042
2025,May,Winchell,1.776,0.0,1.776
2025,April,Bergelson,78.46,71.591,6.869
2025,April,Birnbaum,28.595,24.525,4.07
2025,April,Blau,0.208,0.0,0.208
2025,April,Bonneau,20.153,20.153,0.0
2025,April,Carlton,34.9,31.833,3.067
2025,April,Carmofon,0.387,0.0,0.387
2025,April,Carmona-Fontaine,0.387,0.0,0.387
2025,April,Christiaen,0.899,0.0,0.899
2025,April,Coruzzi,38.369,31.228,7.141
2025,April,Desplan,36.453,31.732,4.721
2025,April,Disotell,0.004,0.0,0.004
2025,April,Egrin,7.633,7.633,0.0
2025,April,Eichenberger,0.128,0.0,0.128
2025,April,Ercan,36.185,31.355,4.83
2025,April,Fitch,0.229,0.0,0.229
2025,April,Gainetdinov,6.111,4.012,2.099
2025,April,Ghedin,10.073,0.0,10.073
2025,April,Gresham,52.177,42.633,9.544
2025,April,Gunsiano,6.619,6.619,0.0
2025,April,Hochwagen,49.985,48.628,1.357
2025,April,Huang,2.583,1.43,1.153
2025,April,Li,0.179,0.0,0.179
2025,April,Mazzoni,25.099,21.098,4.001
2025,April,Pascual,7.544,7.544,0.0
2025,April,Purugganan,16.504,7.633,8.871
2025,April,Rockman,79.4,66.368,13.032
2025,April,Rojas,0.005,0.0,0.005
2025,April,Rushlow,0.296,0.0,0.296
2025,April,Sanjana,13.048,3.513,9.535
2025,April,Satija,2.921,0.0,2.921
2025,April,Scicchitano,1.363,0.0,1.363
2025,April,Siegal,87.02,84.394,2.626
2025,April,Small,0.014,0.0,0.014
2025,April,Smith,4.068,0.461,3.607
2025,April,Vogel,0.042,0.0,0.042
2025,April,Winchell,1.776,0.0,1.776
2025,March,Bergelson,88.866,82.707,6.159
2025,March,Birnbaum,27.952,23.882,4.07
2025,March,Blau,0.192,0.0,0.192
2025,March,Bonneau,20.153,20.153,0.0
2025,March,Carlton,34.9,31.833,3.067
2025,March,Carmofon,0.338,0.0,0.338
2025,March,Carmona-Fontaine,0.338,0.0,0.338
2025,March,Christiaen,0.899,0.0,0.899
2025,March,Coruzzi,38.078,31.033,7.045
2025,March,Desplan,36.056,31.335,4.721
2025,March,Disotell,0.004,0.0,0.004
2025,March,Egrin,7.633,7.633,0.0
2025,March,Eichenberger,0.128,0.0,0.128
2025,March,Ercan,58.704,54.036,4.668
2025,March,Fitch,0.229,0.0,0.229
2025,March,Gainetdinov,5.043,2.944,2.099
2025,March,Ghedin,10.073,0.0,10.073
2025,March,Gresham,52.481,43.058,9.423
2025,March,Gunsiano,6.619,6.619,0.0
2025,March,Hochwagen,49.985,48.628,1.357
2025,March,Huang,2.564,1.428,1.136
2025,March,Li,0.179,0.0,0.179
2025,March,Mazzoni,25.099,21.098,4.001
2025,March,Pascual,8.024,8.024,0.0
2025,March,Purugganan,16.351,7.633,8.718
2025,March,Rockman,81.497,68.465,13.032
2025,March,Rojas,0.005,0.0,0.005
2025,March,Rushlow,0.296,0.0,0.296
2025,March,Sanjana,13.048,3.513,9.535
2025,March,Satija,2.921,0.0,2.921
2025,March,Scicchitano,1.363,0.0,1.363
2025,March,Siegal,122.365,119.739,2.626
2025,March,Small,0.014,0.0,0.014
2025,March,Smith,4.028,0.461,3.567
2025,March,Vogel,0.042,0.0,0.042
2025,March,Winchell,1.772,0.0,1.772
2025,February,Bergelson,88.473,82.314,6.159
2025,February,Birnbaum,27.952,23.882,4.07
2025,February,Blau,0.19,0.0,0.19
2025,February,Bonneau,20.153,20.153,0.0
2025,February,Carlton,34.9,31.833,3.067
2025,February,Carmofon,0.338,0.0,0.338
2025,February,Carmona-Fontaine,0.338,0.0,0.338
2025,February,Christiaen,0.899,0.0,0.899
2025,February,Coruzzi,37.888,30.852,7.036
2025,February,Desplan,36.013,31.292,4.721
2025,February,Disotell,0.004,0.0,0.004
2025,February,Egrin,7.633,7.633,0.0
2025,February,Eichenberger,0.128,0.0,0.128
2025,February,Ercan,55.795,51.153,4.642
2025,February,Fitch,0.229,0.0,0.229
2025,February,Gainetdinov,4.027,1.928,2.099
2025,February,Ghedin,10.073,0.0,10.073
2025,February,Gresham,52.361,43.049,9.312
2025,February,Gunsiano,6.619,6.619,0.0
2025,February,Hochwagen,49.985,48.628,1.357
2025,February,Huang,2.534,1.398,1.136
2025,February,Li,0.179,0.0,0.179
2025,February,Mazzoni,25.099,21.098,4.001
2025,February,Pascual,8.022,8.022,0.0
2025,February,Purugganan,16.348,7.633,8.715
2025,February,Rockman,82.096,69.064,13.032
2025,February,Rojas,0.005,0.0,0.005
2025,February,Rushlow,0.296,0.0,0.296
2025,February,Sanjana,13.047,3.513,9.534
2025,February,Satija,2.921,0.0,2.921
2025,February,Scicchitano,1.363,0.0,1.363
2025,February,Siegal,119.513,116.985,2.528
2025,February,Small,0.014,0.0,0.014
2025,February,Smith,3.868,0.461,3.407
2025,February,Vogel,0.042,0.0,0.042
2025,February,Winchell,1.772,0.0,1.772
2025,January,Bergelson,88.443,82.286,6.157
2025,January,Birnbaum,27.952,23.882,4.07
2025,January,Blau,0.19,0.0,0.19
2025,January,Bonneau,20.153,20.153,0.0
2025,January,Carlton,34.9,31.833,3.067
2025,January,Carmofon,0.338,0.0,0.338
2025,January,Carmona-Fontaine,0.338,0.0,0.338
2025,January,Christiaen,0.899,0.0,0.899
2025,January,Coruzzi,37.157,30.121,7.036
2025,January,Desplan,33.609,28.979,4.63
2025,January,Disotell,0.004,0.0,0.004
2025,January,Egrin,7.633,7.633,0.0
2025,January,Eichenberger,0.128,0.0,0.128
2025,January,Ercan,54.67,50.274,4.396
2025,January,Fitch,0.229,0.0,0.229
2025,January,Gainetdinov,3.347,1.928,1.419
2025,January,Ghedin,10.073,0.0,10.073
2025,January,Gresham,51.992,42.837,9.155
2025,January,Gunsiano,6.619,6.619,0.0
2025,January,Hochwagen,49.926,48.595,1.331
2025,January,Huang,2.534,1.398,1.136
2025,January,Li,0.179,0.0,0.179
2025,January,Mazzoni,25.099,21.098,4.001
2025,January,Pascual,8.723,8.723,0.0
2025,January,Purugganan,16.348,7.633,8.715
2025,January,Rockman,78.652,65.62,13.032
2025,January,Rojas,0.005,0.0,0.005
2025,January,Rushlow,0.296,0.0,0.296
2025,January,Sanjana,13.047,3.513,9.534
2025,January,Satija,2.921,0.0,2.921
2025,January,Scicchitano,1.363,0.0,1.363
2025,January,Siegal,110.747,108.447,2.3
2025,January,Small,0.014,0.0,0.014
2025,January,Smith,3.716,0.461,3.255
2025,January,Vogel,0.042,0.0,0.042
2025,January,Winchell,1.772,0.0,1.772
2024,December,Bergelson,88.443,82.286,6.157
2024,December,Birnbaum,27.803,23.843,3.96
2024,December,Blau,0.19,0.0,0.19
2024,December,Bonneau,20.153,20.153,0.0
2024,December,Carlton,34.9,31.833,3.067
2024,December,Carmofon,0.338,0.0,0.338
2024,December,Carmona-Fontaine,0.338,0.0,0.338
2024,December,Christiaen,0.899,0.0,0.899
2024,December,Coruzzi,36.918,29.882,7.036
2024,December,Desplan,33.555,28.925,4.63
2024,December,Disotell,0.004,0.0,0.004
2024,December,Egrin,7.633,7.633,0.0
2024,December,Eichenberger,0.128,0.0,0.128
2024,December,Ercan,46.479,42.276,4.203
2024,December,Fitch,0.229,0.0,0.229
2024,December,Gainetdinov,3.237,1.818,1.419
2024,December,Ghedin,10.073,0.0,10.073
2024,December,Gresham,51.908,42.812,9.096
2024,December,Gunsiano,6.619,6.619,0.0
2024,December,Hochwagen,49.873,48.542,1.331
2024,December,Huang,2.499,1.363,1.136
2024,December,Li,0.179,0.0,0.179
2024,December,Mazzoni,25.099,21.098,4.001
2024,December,Pascual,8.723,8.723,0.0
2024,December,Purugganan,16.348,7.633,8.715
2024,December,Rockman,58.833,47.531,11.302
2024,December,Rojas,0.005,0.0,0.005
2024,December,Rushlow,0.296,0.0,0.296
2024,December,Sanjana,12.671,3.513,9.158
2024,December,Satija,2.921,0.0,2.921
2024,December,Scicchitano,1.363,0.0,1.363
2024,December,Siegal,108.913,106.613,2.3
2024,December,Small,0.014,0.0,0.014
2024,December,Smith,3.716,0.461,3.255
2024,December,Vogel,0.042,0.0,0.042
2024,December,Winchell,1.772,0.0,1.772
2024,November,Bergelson,87.121,80.964,6.157
2024,November,Birnbaum,27.803,23.843,3.96
2024,November,Blau,0.19,0.0,0.19
2024,November,Bonneau,20.153,20.153,0.0
2024,November,Carlton,34.9,31.833,3.067
2024,November,Carmofon,0.338,0.0,0.338
2024,November,Carmona-Fontaine,0.338,0.0,0.338
2024,November,Christiaen,0.899,0.0,0.899
2024,November,Coruzzi,35.415,28.694,6.721
2024,November,Desplan,33.062,28.432,4.63
2024,November,Disotell,0.004,0.0,0.004
2024,November,Egrin,7.633,7.633,0.0
2024,November,Eichenberger,0.128,0.0,0.128
2024,November,Ercan,46.392,42.189,4.203
2024,November,Fitch,0.229,0.0,0.229
2024,November,Gainetdinov,2.224,0.805,1.419
2024,November,Ghedin,10.073,0.0,10.073
2024,November,Gresham,52.023,42.927,9.096
2024,November,Gunsiano,6.619,6.619,0.0
2024,November,Hochwagen,49.806,48.475,1.331
2024,November,Huang,2.499,1.363,1.136
2024,November,Li,0.179,0.0,0.179
2024,November,Mazzoni,25.099,21.098,4.001
2024,November,Pascual,7.303,7.303,0.0
2024,November,Purugganan,16.348,7.633,8.715
2024,November,Rockman,52.102,40.8,11.302
2024,November,Rojas,0.005,0.0,0.005
2024,November,Rushlow,0.296,0.0,0.296
2024,November,Sanjana,11.968,3.513,8.455
2024,November,Satija,2.921,0.0,2.921
2024,November,Scicchitano,1.363,0.0,1.363
2024,November,Siegal,96.047,94.247,1.8
2024,November,Small,0.014,0.0,0.014
2024,November,Smith,3.716,0.461,3.255
2024,November,Vogel,0.042,0.0,0.042
2024,November,Winchell,1.772,0.0,1.772
2024,October,Bergelson,87.009,80.964,6.045
2024,October,Birnbaum,27.803,23.843,3.96
2024,October,Blau,0.19,0.0,0.19
2024,October,Bonneau,20.153,20.153,0.0
2024,October,Carlton,34.793,31.833,2.96
2024,October,Carmofon,0.289,0.0,0.289
2024,October,Carmona-Fontaine,0.289,0.0,0.289
2024,October,Christiaen,0.899,0.0,0.899
2024,October,Coruzzi,35.793,29.072,6.721
2024,October,Desplan,33.309,28.679,4.63
2024,October,Disotell,0.004,0.0,0.004
2024,October,Egrin,7.633,7.633,0.0
2024,October,Eichenberger,0.128,0.0,0.128
2024,October,Ercan,45.853,41.65,4.203
2024,October,Fitch,0.217,0.0,0.217
2024,October,Gainetdinov,2.221,0.802,1.419
2024,October,Ghedin,10.073,0.0,10.073
2024,October,Gresham,51.901,42.805,9.096
2024,October,Gunsiano,6.619,6.619,0.0
2024,October,Hochwagen,49.783,48.475,1.308
2024,October,Huang,2.492,1.356,1.136
2024,October,Li,0.179,0.0,0.179
2024,October,Mazzoni,25.099,21.098,4.001
2024,October,Pascual,7.303,7.303,0.0
2024,October,Purugganan,16.348,7.633,8.715
2024,October,Rockman,44.389,33.087,11.302
2024,October,Rojas,0.005,0.0,0.005
2024,October,Rushlow,0.296,0.0,0.296
2024,October,Sanjana,11.968,3.513,8.455
2024,October,Satija,2.921,0.0,2.921
2024,October,Scicchitano,1.363,0.0,1.363
2024,October,Siegal,94.187,92.387,1.8
2024,October,Small,0.014,0.0,0.014
2024,October,Smith,3.692,0.461,3.231
2024,October,Vogel,0.042,0.0,0.042
2024,October,Winchell,1.772,0.0,1.772
2024,September,Bergelson,86.679,80.642,6.037
2024,September,Birnbaum,27.803,23.843,3.96
2024,September,Blau,0.19,0.0,0.19
2024,September,Bonneau,20.153,20.153,0.0
2024,September,Carlton,34.793,31.833,2.96
2024,September,Carmofon,0.289,0.0,0.289
2024,September,Carmona-Fontaine,0.289,0.0,0.289
2024,September,Christiaen,0.899,0.0,0.899
2024,September,Coruzzi,35.47,28.749,6.721
2024,September,Desplan,33.041,28.411,4.63
2024,September,Disotell,0.004,0.0,0.004
2024,September,Egrin,7.633,7.633,0.0
2024,September,Eichenberger,0.128,0.0,0.128
2024,September,Ercan,48.266,44.091,4.175
2024,September,Fitch,0.217,0.0,0.217
2024,September,Gainetdinov,2.201,0.802,1.399
2024,September,Ghedin,10.073,0.0,10.073
2024,September,Gresham,51.667,42.805,8.862
2024,September,Gunsiano,6.619,6.619,0.0
2024,September,Hochwagen,49.784,48.476,1.308
2024,September,Huang,2.492,1.356,1.136
2024,September,Li,0.179,0.0,0.179
2024,September,Mazzoni,25.099,21.098,4.001
2024,September,Pascual,7.303,7.303,0.0
2024,September,Purugganan,16.344,7.633,8.711
2024,September,Rockman,82.183,71.254,10.929
2024,September,Rojas,0.005,0.0,0.005
2024,September,Rushlow,0.296,0.0,0.296
2024,September,Sanjana,11.268,3.513,7.755
2024,September,Satija,2.921,0.0,2.921
2024,September,Scicchitano,1.363,0.0,1.363
2024,September,Siegal,89.533,88.044,1.489
2024,September,Small,0.014,0.0,0.014
2024,September,Smith,3.692,0.461,3.231
2024,September,Vogel,0.042,0.0,0.042
2024,September,Winchell,1.772,0.0,1.772
2024,August,Bergelson,86.24,80.205,6.035
2024,August,Birnbaum,27.803,23.843,3.96
2024,August,Blau,0.19,0.0,0.19
2024,August,Bonneau,20.153,20.153,0.0
2024,August,Carlton,34.793,31.833,2.96
2024,August,Carmofon,0.289,0.0,0.289
2024,August,Carmona-Fontaine,0.289,0.0,0.289
2024,August,Christiaen,0.899,0.0,0.899
2024,August,Coruzzi,34.534,27.813,6.721
2024,August,Desplan,32.433,27.803,4.63
2024,August,Disotell,0.004,0.0,0.004
2024,August,Egrin,7.633,7.633,0.0
2024,August,Eichenberger,0.128,0.0,0.128
2024,August,Ercan,47.398,43.223,4.175
2024,August,Fitch,0.217,0.0,0.217
2024,August,Gainetdinov,2.201,0.802,1.399
2024,August,Ghedin,10.073,0.0,10.073
2024,August,Gresham,50.811,41.949,8.862
2024,August,Gunsiano,6.619,6.619,0.0
2024,August,Hochwagen,49.744,48.436,1.308
2024,August,Huang,2.492,1.356,1.136
2024,August,Li,0.179,0.0,0.179
2024,August,Mazzoni,25.099,21.098,4.001
2024,August,Pascual,7.303,7.303,0.0
2024,August,Purugganan,16.344,7.633,8.711
2024,August,Rockman,37.09,27.351,9.739
2024,August,Rojas,0.005,0.0,0.005
2024,August,Rushlow,0.296,0.0,0.296
2024,August,Sanjana,11.076,3.513,7.563
2024,August,Satija,2.921,0.0,2.921
2024,August,Scicchitano,1.363,0.0,1.363
2024,August,Siegal,88.716,87.227,1.489
2024,August,Small,0.014,0.0,0.014
2024,August,Smith,1.943,0.461,1.482
2024,August,Vogel,0.042,0.0,0.042
2024,August,Winchell,1.772,0.0,1.772
2024,July,Bergelson,86.0,80.087,5.913
2024,July,Birnbaum,27.803,23.843,3.96
2024,July,Blau,0.19,0.0,0.19
2024,July,Bonneau,20.153,20.153,0.0
2024,July,Carlton,34.793,31.833,2.96
2024,July,Carmofon,0.289,0.0,0.289
2024,July,Carmona-Fontaine,0.289,0.0,0.289
2024,July,Christiaen,0.899,0.0,0.899
2024,July,Coruzzi,34.304,27.749,6.555
2024,July,Desplan,32.063,27.433,4.63
2024,July,Disotell,0.004,0.0,0.004
2024,July,Egrin,7.633,7.633,0.0
2024,July,Eichenberger,0.128,0.0,0.128
2024,July,Ercan,45.379,41.362,4.017
2024,July,Fitch,0.217,0.0,0.217
2024,July,Gainetdinov,2.188,0.802,1.386
2024,July,Ghedin,10.073,0.0,10.073
2024,July,Gresham,49.681,41.106,8.575
2024,July,Gunsiano,6.619,6.619,0.0
2024,July,Hochwagen,51.895,50.639,1.256
2024,July,Huang,2.492,1.356,1.136
2024,July,Li,0.179,0.0,0.179
2024,July,Mazzoni,25.099,21.098,4.001
2024,July,Pascual,7.303,7.303,0.0
2024,July,Purugganan,16.344,7.633,8.711
2024,July,Rockman,37.085,27.35,9.735
2024,July,Rojas,0.005,0.0,0.005
2024,July,Rushlow,0.296,0.0,0.296
2024,July,Sanjana,10.926,3.513,7.413
2024,July,Satija,2.921,0.0,2.921
2024,July,Scicchitano,1.363,0.0,1.363
2024,July,Siegal,78.294,77.253,1.041
2024,July,Small,0.014,0.0,0.014
2024,July,Smith,1.943,0.461,1.482
2024,July,Vogel,0.042,0.0,0.042
2024,July,Winchell,1.772,0.0,1.772
2024,June,Bergelson,85.759,79.962,5.797
2024,June,Birnbaum,27.036,23.135,3.901
2024,June,Blau,0.19,0.0,0.19
2024,June,Bonneau,20.153,20.153,0.0
2024,June,Carlton,34.793,31.833,2.96
2024,June,Carmofon,0.289,0.0,0.289
2024,June,Carmona-Fontaine,0.289,0.0,0.289
2024,June,Christiaen,0.899,0.0,0.899
2024,June,Coruzzi,33.934,27.379,6.555
2024,June,Desplan,32.059,27.429,4.63
2024,June,Disotell,0.004,0.0,0.004
2024,June,Egrin,7.633,7.633,0.0
2024,June,Eichenberger,0.128,0.0,0.128
2024,June,Ercan,45.213,41.218,3.995
2024,June,Fitch,0.217,0.0,0.217
2024,June,Gainetdinov,1.671,0.285,1.386
2024,June,Ghedin,10.073,0.0,10.073
2024,June,Gresham,48.821,40.32,8.501
2024,June,Gunsiano,6.619,6.619,0.0
2024,June,Hochwagen,51.373,50.117,1.256
2024,June,Huang,2.482,1.346,1.136
2024,June,Li,0.179,0.0,0.179
2024,June,Mazzoni,25.099,21.098,4.001
2024,June,Pascual,7.117,7.117,0.0
2024,June,Purugganan,16.344,7.633,8.711
2024,June,Rockman,30.736,22.674,8.062
2024,June,Rojas,0.005,0.0,0.005
2024,June,Rushlow,0.296,0.0,0.296
2024,June,Sanjana,10.905,3.513,7.392
2024,June,Satija,2.921,0.0,2.921
2024,June,Scicchitano,1.363,0.0,1.363
2024,June,Siegal,77.144,76.103,1.041
2024,June,Small,0.014,0.0,0.014
2024,June,Smith,1.943,0.461,1.482
2024,June,Vogel,0.042,0.0,0.042
2024,June,Winchell,1.63,0.0,1.63
2024,May,Bergelson,83.306,77.637,5.669
2024,May,Birnbaum,27.036,23.135,3.901
2024,May,Blau,0.19,0.0,0.19
2024,May,Bonneau,20.153,20.153,0.0
2024,May,Carlton,34.793,31.833,2.96
2024,May,Carmofon,0.289,0.0,0.289
2024,May,Carmona-Fontaine,0.289,0.0,0.289
2024,May,Christiaen,0.899,0.0,0.899
2024,May,Coruzzi,33.885,27.378,6.507
2024,May,Desplan,31.642,27.025,4.617
2024,May,Disotell,0.004,0.0,0.004
2024,May,Egrin,7.633,7.633,0.0
2024,May,Eichenberger,0.128,0.0,0.128
2024,May,Ercan,44.868,40.873,3.995
2024,May,Fitch,0.217,0.0,0.217
2024,May,Gainetdinov,1.712,0.326,1.386
2024,May,Ghedin,10.073,0.0,10.073
2024,May,Gresham,48.332,40.017,8.315
2024,May,Gunsiano,6.619,6.619,0.0
2024,May,Hochwagen,50.862,49.606,1.256
2024,May,Huang,2.316,1.346,0.97
2024,May,Li,0.179,0.0,0.179
2024,May,Mazzoni,25.099,21.098,4.001
2024,May,Pascual,6.785,6.785,0.0
2024,May,Purugganan,16.344,7.633,8.711
2024,May,Rockman,30.759,22.697,8.062
2024,May,Rojas,0.005,0.0,0.005
2024,May,Rushlow,0.296,0.0,0.296
2024,May,Sanjana,9.727,3.513,6.214
2024,May,Satija,2.921,0.0,2.921
2024,May,Scicchitano,1.363,0.0,1.363
2024,May,Siegal,74.747,73.799,0.948
2024,May,Small,0.014,0.0,0.014
2024,May,Smith,1.943,0.461,1.482
2024,May,Vogel,0.042,0.0,0.042
2024,May,Winchell,0.89,0.0,0.89
2024,April,Bergelson,82.304,77.607,4.697
2024,April,Birnbaum,26.497,22.651,3.846
2024,April,Blau,0.19,0.0,0.19
2024,April,Bonneau,20.127,20.127,0.0
2024,April,Carlton,34.793,31.833,2.96
2024,April,Carmofon,0.289,0.0,0.289
2024,April,Carmona-Fontaine,0.289,0.0,0.289
2024,April,Christiaen,0.899,0.0,0.899
2024,April,Coruzzi,33.458,27.066,6.392
2024,April,Desplan,30.891,26.275,4.616
2024,April,Disotell,0.004,0.0,0.004
2024,April,Egrin,7.633,7.633,0.0
2024,April,Eichenberger,0.128,0.0,0.128
2024,April,Ercan,44.803,40.808,3.995
2024,April,Fitch,0.217,0.0,0.217
2024,April,Gainetdinov,1.716,0.33,1.386
2024,April,Ghedin,10.073,0.0,10.073
2024,April,Gresham,45.895,37.777,8.118
2024,April,Gunsiano,6.619,6.619,0.0
2024,April,Hochwagen,61.388,60.132,1.256
2024,April,Huang,2.203,1.306,0.897
2024,April,Li,0.179,0.0,0.179
2024,April,Mazzoni,25.099,21.098,4.001
2024,April,Pascual,6.947,6.947,0.0
2024,April,Purugganan,16.344,7.633,8.711
2024,April,Rockman,30.687,22.641,8.046
2024,April,Rojas,0.005,0.0,0.005
2024,April,Rushlow,0.296,0.0,0.296
2024,April,Sanjana,9.287,3.513,5.774
2024,April,Satija,2.921,0.0,2.921
2024,April,Scicchitano,1.363,0.0,1.363
2024,April,Siegal,60.99,60.042,0.948
2024,April,Small,0.014,0.0,0.014
2024,April,Smith,1.943,0.461,1.482
2024,April,Vogel,0.042,0.0,0.042
2024,April,Winchell,0.629,0.0,0.629
2024,March,Bergelson,82.296,77.6,4.696
2024,March,Birnbaum,26.273,22.516,3.757
2024,March,Blau,0.19,0.0,0.19
2024,March,Bonneau,20.054,20.054,0.0
2024,March,Carlton,34.793,31.833,2.96
2024,March,Carmofon,0.289,0.0,0.289
2024,March,Carmona-Fontaine,0.289,0.0,0.289
2024,March,Christiaen,0.899,0.0,0.899
2024,March,Coruzzi,31.911,26.5,5.411
2024,March,Desplan,30.891,26.275,4.616
2024,March,Disotell,0.004,0.0,0.004
2024,March,Egrin,7.633,7.633,0.0
2024,March,Eichenberger,0.128,0.0,0.128
2024,March,Ercan,44.438,40.443,3.995
2024,March,Fitch,0.217,0.0,0.217
2024,March,Gainetdinov,1.669,0.283,1.386
2024,March,Ghedin,10.073,0.0,10.073
2024,March,Gresham,45.708,37.59,8.118
2024,March,Gunsiano,6.619,6.619,0.0
2024,March,Hochwagen,38.925,37.696,1.229
2024,March,Huang,2.054,1.242,0.812
2024,March,Li,0.179,0.0,0.179
2024,March,Mazzoni,25.099,21.098,4.001
2024,March,Pascual,5.666,5.666,0.0
2024,March,Purugganan,16.344,7.633,8.711
2024,March,Rockman,29.45,21.404,8.046
2024,March,Rojas,0.005,0.0,0.005
2024,March,Rushlow,0.296,0.0,0.296
2024,March,Sanjana,8.018,3.513,4.505
2024,March,Satija,2.921,0.0,2.921
2024,March,Scicchitano,1.363,0.0,1.363
2024,March,Siegal,60.982,60.034,0.948
2024,March,Small,0.014,0.0,0.014
2024,March,Smith,1.943,0.461,1.482
2024,March,Vogel,0.042,0.0,0.042
2024,March,Winchell,0.629,0.0,0.629
2024,February,Bergelson,82.224,77.528,4.696
2024,February,Birnbaum,26.086,22.516,3.57
2024,February,Blau,0.19,0.0,0.19
2024,February,Bonneau,20.054,20.054,0.0
2024,February,Carlton,34.793,31.833,2.96
2024,February,Carmofon,0.289,0.0,0.289
2024,February,Carmona-Fontaine,0.289,0.0,0.289
2024,February,Christiaen,0.899,0.0,0.899
2024,February,Coruzzi,30.919,25.878,5.041
2024,February,Desplan,30.889,26.275,4.614
2024,February,Disotell,0.004,0.0,0.004
2024,February,Egrin,7.633,7.633,0.0
2024,February,Eichenberger,0.128,0.0,0.128
2024,February,Ercan,42.365,38.396,3.969
2024,February,Fitch,0.217,0.0,0.217
2024,February,Gainetdinov,1.614,0.228,1.386
2024,February,Ghedin,10.073,0.0,10.073
2024,February,Gresham,44.266,36.244,8.022
2024,February,Gunsiano,6.619,6.619,0.0
2024,February,Hochwagen,36.434,35.205,1.229
2024,February,Huang,1.45,0.735,0.715
2024,February,Li,0.179,0.0,0.179
2024,February,Mazzoni,25.099,21.098,4.001
2024,February,Pascual,6.038,6.038,0.0
2024,February,Purugganan,16.344,7.633,8.711
2024,February,Rockman,29.45,21.404,8.046
2024,February,Rojas,0.005,0.0,0.005
2024,February,Rushlow,0.296,0.0,0.296
2024,February,Sanjana,7.519,3.513,4.006
2024,February,Satija,2.921,0.0,2.921
2024,February,Scicchitano,1.363,0.0,1.363
2024,February,Siegal,60.662,59.714,0.948
2024,February,Small,0.014,0.0,0.014
2024,February,Smith,1.943,0.461,1.482
2024,February,Vogel,0.042,0.0,0.042
2024,February,Winchell,0.629,0.0,0.629
2024,January,Bergelson,82.141,77.523,4.618
2024,January,Birnbaum,28.811,25.241,3.57
2024,January,Blau,0.19,0.0,0.19
2024,January,Bonneau,20.054,20.054,0.0
2024,January,Carlton,34.686,31.828,2.858
2024,January,Carmofon,0.289,0.0,0.289
2024,January,Carmona-Fontaine,0.289,0.0,0.289
2024,January,Christiaen,0.899,0.0,0.899
2024,January,Coruzzi,30.807,25.766,5.041
2024,January,Desplan,30.718,26.234,4.484
2024,January,Disotell,0.004,0.0,0.004
2024,January,Egrin,7.633,7.633,0.0
2024,January,Eichenberger,0.128,0.0,0.128
2024,January,Ercan,42.314,38.381,3.933
2024,January,Fitch,0.217,0.0,0.217
2024,January,Gainetdinov,0.058,0.058,0.0
2024,January,Ghedin,10.073,0.0,10.073
2024,January,Gresham,44.134,36.227,7.907
2024,January,Gunsiano,6.619,6.619,0.0
2024,January,Hochwagen,35.271,34.061,1.21
2024,January,Huang,1.439,0.724,0.715
2024,January,Li,0.179,0.0,0.179
2024,January,Mazzoni,25.099,21.098,4.001
2024,January,Pascual,5.496,5.496,0.0
2024,January,Purugganan,16.344,7.633,8.711
2024,January,Rockman,24.203,16.157,8.046
2024,January,Rojas,0.005,0.0,0.005
2024,January,Rushlow,0.296,0.0,0.296
2024,January,Sanjana,7.519,3.513,4.006
2024,January,Satija,2.921,0.0,2.921
2024,January,Scicchitano,1.363,0.0,1.363
2024,January,Siegal,59.447,58.869,0.578
2024,January,Small,0.014,0.0,0.014
2024,January,Smith,1.943,0.461,1.482
2024,January,Vogel,0.042,0.0,0.042
2024,January,Winchell,0.629,0.0,0.629
2023,December,Bergelson,81.418,76.903,4.515
2023,December,Birnbaum,24.891,21.674,3.217
2023,December,Blau,0.19,0.0,0.19
2023,December,Bonneau,20.054,20.054,0.0
2023,December,Carlton,34.32,31.827,2.493
2023,December,Carmofon,0.289,0.0,0.289
2023,December,Carmona-Fontaine,0.289,0.0,0.289
2023,December,Christiaen,0.899,0.0,0.899
2023,December,Coruzzi,30.52,25.499,5.021
2023,December,Desplan,30.687,26.204,4.483
2023,December,Disotell,0.004,0.0,0.004
2023,December,Egrin,7.633,7.633,0.0
2023,December,Eichenberger,0.128,0.0,0.128
2023,December,Ercan,41.48,37.571,3.909
2023,December,Fitch,0.217,0.0,0.217
2023,December,Gainetdinov,0.058,0.058,0.0
2023,December,Ghedin,10.073,0.0,10.073
2023,December,Gresham,43.732,35.862,7.87
2023,December,Gunsiano,6.619,6.619,0.0
2023,December,Hochwagen,35.222,34.012,1.21
2023,December,Huang,1.405,0.69,0.715
2023,December,Li,0.179,0.0,0.179
2023,December,Mazzoni,25.099,21.098,4.001
2023,December,Pascual,4.668,4.668,0.0
2023,December,Purugganan,16.344,7.633,8.711
2023,December,Rockman,22.739,16.157,6.582
2023,December,Rojas,0.005,0.0,0.005
2023,December,Rushlow,0.296,0.0,0.296
2023,December,Sanjana,7.496,3.513,3.983
2023,December,Satija,2.921,0.0,2.921
2023,December,Scicchitano,1.363,0.0,1.363
2023,December,Siegal,57.536,56.958,0.578
2023,December,Small,0.014,0.0,0.014
2023,December,Smith,1.943,0.461,1.482
2023,December,Vogel,0.042,0.0,0.042
2023,December,Winchell,0.629,0.0,0.629
2023,November,Bergelson,81.364,76.9,4.464
2023,November,Birnbaum,24.862,21.645,3.217
2023,November,Blau,0.19,0.0,0.19
2023,November,Bonneau,20.054,20.054,0.0
2023,November,Carlton,34.062,31.569,2.493
2023,November,Carmofon,0.289,0.0,0.289
2023,November,Carmona-Fontaine,0.289,0.0,0.289
2023,November,Christiaen,0.899,0.0,0.899
2023,November,Coruzzi,29.811,24.884,4.927
2023,November,Desplan,29.276,24.861,4.415
2023,November,Disotell,0.004,0.0,0.004
2023,November,Egrin,7.633,7.633,0.0
2023,November,Eichenberger,0.128,0.0,0.128
2023,November,Ercan,41.291,37.405,3.886
2023,November,Fitch,0.217,0.0,0.217
2023,November,Gainetdinov,0.028,0.028,0.0
2023,November,Ghedin,10.073,0.0,10.073
2023,November,Gresham,43.618,35.774,7.844
2023,November,Gunsiano,6.619,6.619,0.0
2023,November,Hochwagen,35.266,34.056,1.21
2023,November,Huang,1.317,0.688,0.629
2023,November,Li,0.179,0.0,0.179
2023,November,Mazzoni,25.099,21.098,4.001
2023,November,Pascual,2.279,2.279,0.0
2023,November,Purugganan,16.344,7.633,8.711
2023,November,Rockman,22.739,16.157,6.582
2023,November,Rojas,0.005,0.0,0.005
2023,November,Rushlow,0.296,0.0,0.296
2023,November,Sanjana,7.489,3.513,3.976
2023,November,Satija,2.921,0.0,2.921
2023,November,Scicchitano,1.363,0.0,1.363
2023,November,Siegal,57.536,56.958,0.578
2023,November,Small,0.014,0.0,0.014
2023,November,Smith,1.943,0.461,1.482
2023,November,Vogel,0.042,0.0,0.042
2023,November,Winchell,0.629,0.0,0.629
2023,October,Bergelson,99.251,94.799,4.452
2023,October,Birnbaum,24.142,21.406,2.736
2023,October,Blau,0.19,0.0,0.19
2023,October,Bonneau,20.054,20.054,0.0
2023,October,Carlton,33.436,31.587,1.849
2023,October,Carmofon,0.289,0.0,0.289
2023,October,Carmona-Fontaine,0.289,0.0,0.289
2023,October,Christiaen,0.899,0.0,0.899
2023,October,Coruzzi,29.569,24.642,4.927
2023,October,Desplan,29.262,24.847,4.415
2023,October,Disotell,0.004,0.0,0.004
2023,October,Egrin,7.633,7.633,0.0
2023,October,Eichenberger,0.128,0.0,0.128
2023,October,Ercan,41.197,37.338,3.859
2023,October,Fitch,0.217,0.0,0.217
2023,October,Ghedin,10.073,0.0,10.073
2023,October,Gresham,50.733,42.947,7.786
2023,October,Gunsiano,6.619,6.619,0.0
2023,October,Hochwagen,34.781,33.599,1.182
2023,October,Huang,1.296,0.688,0.608
2023,October,Li,0.179,0.0,0.179
2023,October,Mazzoni,25.099,21.098,4.001
2023,October,Pascual,4.815,4.815,0.0
2023,October,Purugganan,16.344,7.633,8.711
2023,October,Rockman,22.739,16.157,6.582
2023,October,Rojas,0.005,0.0,0.005
2023,October,Rushlow,0.296,0.0,0.296
2023,October,Sanjana,7.462,3.513,3.949
2023,October,Satija,2.921,0.0,2.921
2023,October,Scicchitano,1.363,0.0,1.363
2023,October,Siegal,57.536,56.958,0.578
2023,October,Small,0.014,0.0,0.014
2023,October,Smith,1.943,0.461,1.482
2023,October,Vogel,0.042,0.0,0.042
2023,October,Winchell,0.629,0.0,0.629
2023,September,Bergelson,95.113,95.113,0.0
2023,September,Birnbaum,23.766,21.03,2.736
2023,September,Blau,0.19,0.0,0.19
2023,September,Bonneau,20.054,20.054,0.0
2023,September,Carlton,32.055,30.206,1.849
2023,September,Carmona-Fontaine,0.289,0.0,0.289
2023,September,Christiaen,0.899,0.0,0.899
2023,September,Coruzzi,28.987,24.329,4.658
2023,September,Desplan,29.161,24.746,4.415
2023,September,Disotell,0.004,0.0,0.004
2023,September,Eichenberger,0.128,0.0,0.128
2023,September,Ercan,41.15,37.291,3.859
2023,September,Fitch,0.217,0.0,0.217
2023,September,Ghedin,10.073,0.0,10.073
2023,September,Gresham,53.117,45.451,7.666
2023,September,Gunsiano,6.619,6.619,0.0
2023,September,Hochwagen,1.182,0.0,1.182
2023,September,Huang,1.296,0.688,0.608
2023,September,Li,0.179,0.0,0.179
2023,September,Mazzoni,25.099,21.098,4.001
2023,September,Purugganan,16.344,7.633,8.711
2023,September,Rockman,22.111,16.142,5.969
2023,September,Rojas,0.005,0.0,0.005
2023,September,Rushlow,0.296,0.0,0.296
2023,September,Sanjana,7.398,3.513,3.885
2023,September,Satija,2.921,0.0,2.921
2023,September,Scicchitano,1.363,0.0,1.363
2023,September,Siegal,57.536,56.958,0.578
2023,September,Small,0.014,0.0,0.014
2023,September,Smith,1.719,0.461,1.258
2023,September,Vogel,0.042,0.0,0.042
2023,August,Bergelson,96.861,96.861,0.0
2023,August,Birnbaum,23.455,20.78,2.675
2023,August,Blau,0.19,0.0,0.19
2023,August,Bonneau,20.054,20.054,0.0
2023,August,Carlton,31.042,29.202,1.84
2023,August,Carmona-Fontaine,0.289,0.0,0.289
2023,August,Christiaen,0.899,0.0,0.899
2023,August,Coruzzi,28.89,24.232,4.658
2023,August,Desplan,29.117,24.702,4.415
2023,August,Disotell,0.004,0.0,0.004
2023,August,Eichenberger,0.128,0.0,0.128
2023,August,Ercan,41.006,37.167,3.839
2023,August,Fitch,0.217,0.0,0.217
2023,August,Ghedin,10.073,0.0,10.073
2023,August,Gresham,52.879,45.213,7.666
2023,August,Gunsiano,6.619,6.619,0.0
2023,August,Hochwagen,1.182,0.0,1.182
2023,August,Huang,1.26,0.68,0.58
2023,August,Li,0.179,0.0,0.179
2023,August,Mazzoni,25.099,21.098,4.001
2023,August,Purugganan,16.344,7.633,8.711
2023,August,Rockman,22.063,16.094,5.969
2023,August,Rojas,0.005,0.0,0.005
2023,August,Rushlow,0.296,0.0,0.296
2023,August,Sanjana,7.398,3.513,3.885
2023,August,Satija,2.921,0.0,2.921
2023,August,Scicchitano,1.363,0.0,1.363
2023,August,Siegal,56.413,55.835,0.578
2023,August,Small,0.014,0.0,0.014
2023,August,Smith,1.719,0.461,1.258
2023,August,Vogel,0.042,0.0,0.042
2023,July,Bergelson,95.434,95.434,0.0
2023,July,Birnbaum,23.455,20.78,2.675
2023,July,Blau,0.19,0.0,0.19
2023,July,Bonneau,20.054,20.054,0.0
2023,July,Carlton,31.002,29.162,1.84
2023,July,Carmona-Fontaine,0.289,0.0,0.289
2023,July,Christiaen,0.899,0.0,0.899
2023,July,Coruzzi,28.89,24.232,4.658
2023,July,Desplan,28.617,24.202,4.415
2023,July,Disotell,0.004,0.0,0.004
2023,July,Eichenberger,0.128,0.0,0.128
2023,July,Ercan,40.905,37.078,3.827
2023,July,Fitch,0.217,0.0,0.217
2023,July,Ghedin,10.073,0.0,10.073
2023,July,Gresham,53.237,45.807,7.43
2023,July,Gunsiano,6.619,6.619,0.0
2023,July,Hochwagen,1.182,0.0,1.182
2023,July,Huang,1.233,0.68,0.553
2023,July,Li,0.179,0.0,0.179
2023,July,Mazzoni,25.099,21.098,4.001
2023,July,Purugganan,16.344,7.633,8.711
2023,July,Rockman,19.1,13.131,5.969
2023,July,Rojas,0.005,0.0,0.005
2023,July,Rushlow,0.296,0.0,0.296
2023,July,Sanjana,7.219,3.334,3.885
2023,July,Satija,2.921,0.0,2.921
2023,July,Scicchitano,1.363,0.0,1.363
2023,July,Siegal,54.338,53.857,0.481
2023,July,Small,0.014,0.0,0.014
2023,July,Smith,1.716,0.461,1.255
2023,July,Vogel,0.042,0.0,0.042
2023,June,Bergelson,93.645,93.645,0.0
2023,June,Birnbaum,24.231,21.641,2.59
2023,June,Blau,0.19,0.0,0.19
2023,June,Bonneau,20.054,20.054,0.0
2023,June,Carlton,30.841,29.001,1.84
2023,June,Carmona-Fontaine,0.289,0.0,0.289
2023,June,Christiaen,0.899,0.0,0.899
2023,June,Coruzzi,28.867,24.291,4.576
2023,June,Desplan,28.616,24.201,4.415
2023,June,Disotell,0.004,0.0,0.004
2023,June,Eichenberger,0.128,0.0,0.128
2023,June,Ercan,40.939,37.112,3.827
2023,June,Fitch,0.217,0.0,0.217
2023,June,Ghedin,10.073,0.0,10.073
2023,June,Gresham,49.601,42.727,6.874
2023,June,Gunsiano,6.619,6.619,0.0
2023,June,Hochwagen,1.182,0.0,1.182
2023,June,Huang,1.217,0.68,0.537
2023,June,Li,0.179,0.0,0.179
2023,June,Mazzoni,25.099,21.098,4.001
2023,June,Purugganan,16.344,7.633,8.711
2023,June,Rockman,17.421,13.13,4.291
2023,June,Rojas,0.005,0.0,0.005
2023,June,Rushlow,0.296,0.0,0.296
2023,June,Sanjana,7.118,3.283,3.835
2023,June,Satija,2.921,0.0,2.921
2023,June,Scicchitano,1.363,0.0,1.363
2023,June,Siegal,54.958,54.477,0.481
2023,June,Small,0.014,0.0,0.014
2023,June,Smith,1.71,0.461,1.249
2023,June,Vogel,0.042,0.0,0.042
2023,May,Bergelson,89.796,89.796,0.0
2023,May,Birnbaum,24.22,21.641,2.579
2023,May,Blau,0.187,0.0,0.187
2023,May,Bonneau,20.054,20.054,0.0
2023,May,Carlton,30.84,29.0,1.84
2023,May,Carmona-Fontaine,0.289,0.0,0.289
2023,May,Christiaen,0.899,0.0,0.899
2023,May,Coruzzi,28.867,24.291,4.576
2023,May,Desplan,27.49,23.075,4.415
2023,May,Disotell,0.004,0.0,0.004
2023,May,Eichenberger,0.128,0.0,0.128
2023,May,Ercan,40.203,36.376,3.827
2023,May,Fitch,0.217,0.0,0.217
2023,May,Ghedin,10.073,0.0,10.073
2023,May,Gresham,49.47,42.727,6.743
2023,May,Gunsiano,6.619,6.619,0.0
2023,May,Hochwagen,1.167,0.0,1.167
2023,May,Huang,1.191,0.673,0.518
2023,May,Li,0.179,0.0,0.179
2023,May,Mazzoni,25.099,21.098,4.001
2023,May,Purugganan,15.896,7.633,8.263
2023,May,Rockman,17.421,13.13,4.291
2023,May,Rojas,0.005,0.0,0.005
2023,May,Rushlow,0.296,0.0,0.296
2023,May,Sanjana,7.118,3.283,3.835
2023,May,Satija,2.921,0.0,2.921
2023,May,Scicchitano,1.363,0.0,1.363
2023,May,Siegal,54.958,54.477,0.481
2023,May,Small,0.014,0.0,0.014
2023,May,Smith,1.71,0.461,1.249
2023,May,Vogel,0.042,0.0,0.042
2023,April,Bergelson,88.91,88.91,0.0
2023,April,Birnbaum,24.06,21.641,2.419
2023,April,Blau,0.184,0.0,0.184
2023,April,Bonneau,20.054,20.054,0.0
2023,April,Carlton,30.747,28.907,1.84
2023,April,Carmona-Fontaine,0.228,0.0,0.228
2023,April,Christiaen,0.899,0.0,0.899
2023,April,Coruzzi,27.793,24.281,3.512
2023,April,Desplan,27.349,22.934,4.415
2023,April,Disotell,0.004,0.0,0.004
2023,April,Eichenberger,0.128,0.0,0.128
2023,April,Ercan,36.197,32.37,3.827
2023,April,Fitch,0.202,0.0,0.202
2023,April,Ghedin,10.073,0.0,10.073
2023,April,Gresham,48.794,42.704,6.09
2023,April,Gunsiano,6.619,6.619,0.0
2023,April,Hochwagen,1.167,0.0,1.167
2023,April,Huang,1.165,0.673,0.492
2023,April,Li,0.179,0.0,0.179
2023,April,Mazzoni,22.014,18.026,3.988
2023,April,Purugganan,15.896,7.633,8.263
2023,April,Rockman,17.527,13.236,4.291
2023,April,Rojas,0.005,0.0,0.005
2023,April,Rushlow,0.296,0.0,0.296
2023,April,Sanjana,6.188,3.283,2.905
2023,April,Satija,2.921,0.0,2.921
2023,April,Scicchitano,1.363,0.0,1.363
2023,April,Siegal,53.404,52.923,0.481
2023,April,Small,0.014,0.0,0.014
2023,April,Smith,1.608,0.461,1.147
2023,April,Vogel,0.042,0.0,0.042
2023,March,Bergelson,88.891,88.891,0.0
2023,March,Birnbaum,23.738,21.319,2.419
2023,March,Blau,0.184,0.0,0.184
2023,March,Bonneau,20.054,20.054,0.0
2023,March,Carlton,30.64,28.8,1.84
2023,March,Carmona-Fontaine,0.228,0.0,0.228
2023,March,Christiaen,0.899,0.0,0.899
2023,March,Coruzzi,27.79,24.278,3.512
2023,March,Desplan,25.484,21.132,4.352
2023,March,Disotell,0.004,0.0,0.004
2023,March,Eichenberger,0.128,0.0,0.128
2023,March,Ercan,33.435,29.608,3.827
2023,March,Fitch,0.202,0.0,0.202
2023,March,Ghedin,10.073,0.0,10.073
2023,March,Gresham,48.315,42.704,5.611
2023,March,Gunsiano,6.619,6.619,0.0
2023,March,Hochwagen,1.141,0.0,1.141
2023,March,Huang,1.165,0.673,0.492
2023,March,Li,0.179,0.0,0.179
2023,March,Mazzoni,21.793,17.915,3.878
2023,March,Purugganan,15.896,7.633,8.263
2023,March,Rockman,47.281,42.99,4.291
2023,March,Rojas,0.005,0.0,0.005
2023,March,Rushlow,0.296,0.0,0.296
2023,March,Sanjana,6.188,3.283,2.905
2023,March,Satija,2.921,0.0,2.921
2023,March,Scicchitano,1.363,0.0,1.363
2023,March,Siegal,50.018,49.638,0.38
2023,March,Small,0.014,0.0,0.014
2023,March,Smith,1.608,0.461,1.147
2023,March,Vogel,0.042,0.0,0.042
2023,February,Bergelson,86.087,86.087,0.0
2023,February,Birnbaum,23.259,20.84,2.419
2023,February,Blau,0.184,0.0,0.184
2023,February,Bonneau,20.042,20.042,0.0
2023,February,Carlton,30.639,28.799,1.84
2023,February,Carmona-Fontaine,0.228,0.0,0.228
2023,February,Christiaen,0.899,0.0,0.899
2023,February,Coruzzi,27.355,23.908,3.447
2023,February,Desplan,21.923,17.602,4.321
2023,February,Disotell,0.004,0.0,0.004
2023,February,Eichenberger,0.128,0.0,0.128
2023,February,Ercan,32.925,29.312,3.613
2023,February,Fitch,0.202,0.0,0.202
2023,February,Ghedin,10.073,0.0,10.073
2023,February,Gresham,48.337,42.726,5.611
2023,February,Gunsiano,6.619,6.619,0.0
2023,February,Hochwagen,1.064,0.0,1.064
2023,February,Huang,1.14,0.672,0.468
2023,February,Li,0.179,0.0,0.179
2023,February,Mazzoni,21.656,17.915,3.741
2023,February,Purugganan,15.896,7.633,8.263
2023,February,Rockman,46.929,42.638,4.291
2023,February,Rojas,0.005,0.0,0.005
2023,February,Rushlow,0.296,0.0,0.296
2023,February,Sanjana,6.178,3.283,2.895
2023,February,Satija,2.921,0.0,2.921
2023,February,Scicchitano,1.363,0.0,1.363
2023,February,Siegal,43.03,42.65,0.38
2023,February,Small,0.014,0.0,0.014
2023,February,Smith,1.339,0.461,0.878
2023,February,Vogel,0.042,0.0,0.042
2023,January,Bergelson,86.177,86.177,0.0
2023,January,Birnbaum,22.922,20.503,2.419
2023,January,Blau,0.184,0.0,0.184
2023,January,Bonneau,20.042,20.042,0.0
2023,January,Carlton,30.248,28.408,1.84
2023,January,Carmona-Fontaine,0.228,0.0,0.228
2023,January,Christiaen,0.899,0.0,0.899
2023,January,Coruzzi,26.784,23.529,3.255
2023,January,Desplan,21.868,17.577,4.291
2023,January,Disotell,0.004,0.0,0.004
2023,January,Eichenberger,0.128,0.0,0.128
2023,January,Ercan,32.875,29.262,3.613
2023,January,Fitch,0.202,0.0,0.202
2023,January,Ghedin,10.073,0.0,10.073
2023,January,Gresham,48.336,42.725,5.611
2023,January,Gunsiano,6.619,6.619,0.0
2023,January,Hochwagen,1.064,0.0,1.064
2023,January,Huang,1.14,0.672,0.468
2023,January,Li,0.179,0.0,0.179
2023,January,Mazzoni,19.869,16.543,3.326
2023,January,Purugganan,14.886,7.633,7.253
2023,January,Rockman,46.837,42.546,4.291
2023,January,Rojas,0.005,0.0,0.005
2023,January,Rushlow,0.296,0.0,0.296
2023,January,Sanjana,6.177,3.283,2.894
2023,January,Satija,2.921,0.0,2.921
2023,January,Scicchitano,0.526,0.0,0.526
2023,January,Siegal,41.254,40.874,0.38
2023,January,Small,0.014,0.0,0.014
2023,January,Smith,1.328,0.461,0.867
2023,January,Vogel,0.042,0.0,0.042
2022,December,Bergelson,85.285,85.285,0.0
2022,December,Birnbaum,22.49,20.071,2.419
2022,December,Blau,0.184,0.0,0.184
2022,December,Bonneau,19.979,19.979,0.0
2022,December,Carlton,30.246,28.406,1.84
2022,December,Carmona-Fontaine,0.228,0.0,0.228
2022,December,Christiaen,0.899,0.0,0.899
2022,December,Coruzzi,28.214,24.959,3.255
2022,December,Desplan,21.84,17.565,4.275
2022,December,Disotell,0.004,0.0,0.004
2022,December,Eichenberger,0.128,0.0,0.128
2022,December,Ercan,32.08,28.467,3.613
2022,December,Fitch,0.202,0.0,0.202
2022,December,Ghedin,10.073,0.0,10.073
2022,December,Gresham,46.694,41.083,5.611
2022,December,Gunsiano,6.619,6.619,0.0
2022,December,Hochwagen,1.064,0.0,1.064
2022,December,Huang,1.14,0.672,0.468
2022,December,Li,0.179,0.0,0.179
2022,December,Mazzoni,18.701,15.5,3.201
2022,December,Purugganan,14.886,7.633,7.253
2022,December,Rockman,46.835,42.544,4.291
2022,December,Rojas,0.005,0.0,0.005
2022,December,Rushlow,0.296,0.0,0.296
2022,December,Sanjana,6.177,3.283,2.894
2022,December,Satija,2.921,0.0,2.921
2022,December,Scicchitano,0.526,0.0,0.526
2022,December,Siegal,37.158,36.828,0.33
2022,December,Small,0.014,0.0,0.014
2022,December,Smith,1.328,0.461,0.867
2022,December,Vogel,0.042,0.0,0.042
2022,November,Bergelson,84.97,84.97,0.0
2022,November,Birnbaum,22.49,20.071,2.419
2022,November,Blau,0.184,0.0,0.184
2022,November,Bonneau,21.437,21.437,0.0
2022,November,Carlton,30.246,28.406,1.84
2022,November,Carmona-Fontaine,0.228,0.0,0.228
2022,November,Christiaen,0.899,0.0,0.899
2022,November,Coruzzi,28.191,24.936,3.255
2022,November,Desplan,21.557,17.561,3.996
2022,November,Disotell,0.004,0.0,0.004
2022,November,Eichenberger,0.128,0.0,0.128
2022,November,Ercan,31.232,27.66,3.572
2022,November,Fitch,0.202,0.0,0.202
2022,November,Ghedin,10.073,0.0,10.073
2022,November,Gresham,46.571,41.064,5.507
2022,November,Gunsiano,6.619,6.619,0.0
2022,November,Hochwagen,1.064,0.0,1.064
2022,November,Huang,1.14,0.672,0.468
2022,November,Li,0.179,0.0,0.179
2022,November,Mazzoni,18.664,15.5,3.164
2022,November,Purugganan,14.886,7.633,7.253
2022,November,Rockman,46.764,42.473,4.291
2022,November,Rojas,0.005,0.0,0.005
2022,November,Rushlow,0.296,0.0,0.296
2022,November,Sanjana,6.175,3.283,2.892
2022,November,Satija,2.921,0.0,2.921
2022,November,Scicchitano,0.526,0.0,0.526
2022,November,Siegal,33.594,33.264,0.33
2022,November,Small,0.014,0.0,0.014
2022,November,Smith,1.328,0.461,0.867
2022,November,Vogel,0.042,0.0,0.042
2022,October,Bergelson,84.483,84.483,0.0
2022,October,Birnbaum,22.49,20.071,2.419
2022,October,Blau,0.184,0.0,0.184
2022,October,Bonneau,17.82,17.82,0.0
2022,October,Carlton,30.087,28.247,1.84
2022,October,Carmona-Fontaine,0.228,0.0,0.228
2022,October,Christiaen,0.899,0.0,0.899
2022,October,Coruzzi,27.639,24.406,3.233
2022,October,Desplan,21.466,17.561,3.905
2022,October,Disotell,0.004,0.0,0.004
2022,October,Eichenberger,0.128,0.0,0.128
2022,October,Ercan,29.659,26.289,3.37
2022,October,Fitch,0.202,0.0,0.202
2022,October,Ghedin,10.073,0.0,10.073
2022,October,Gresham,46.369,41.008,5.361
2022,October,Gunsiano,6.619,6.619,0.0
2022,October,Hochwagen,1.038,0.0,1.038
2022,October,Huang,1.14,0.672,0.468
2022,October,Li,0.143,0.0,0.143
2022,October,Mazzoni,18.658,15.5,3.158
2022,October,Purugganan,14.818,7.633,7.185
2022,October,Rockman,48.806,44.515,4.291
2022,October,Rojas,0.005,0.0,0.005
2022,October,Rushlow,0.296,0.0,0.296
2022,October,Sanjana,5.991,3.283,2.708
2022,October,Satija,2.921,0.0,2.921
2022,October,Scicchitano,0.402,0.0,0.402
2022,October,Siegal,31.085,30.805,0.28
2022,October,Small,0.014,0.0,0.014
2022,October,Smith,1.315,0.461,0.854
2022,October,Vogel,0.042,0.0,0.042
2022,September,Bergelson,84.197,84.197,0.0
2022,September,Birnbaum,22.136,19.717,2.419
2022,September,Blau,0.184,0.0,0.184
2022,September,Bonneau,17.8,17.8,0.0
2022,September,Carlton,30.04,28.225,1.815
2022,September,Carmona-Fontaine,0.228,0.0,0.228
2022,September,Christiaen,0.899,0.0,0.899
2022,September,Coruzzi,26.681,23.448,3.233
2022,September,Desplan,21.399,17.561,3.838
2022,September,Disotell,0.004,0.0,0.004
2022,September,Eichenberger,0.128,0.0,0.128
2022,September,Ercan,27.884,24.622,3.262
2022,September,Fitch,0.189,0.0,0.189
2022,September,Ghedin,10.073,0.0,10.073
2022,September,Gresham,42.416,37.055,5.361
2022,September,Gunsiano,6.619,6.619,0.0
2022,September,Hochwagen,0.981,0.0,0.981
2022,September,Huang,1.14,0.672,0.468
2022,September,Li,0.143,0.0,0.143
2022,September,Mazzoni,14.412,11.254,3.158
2022,September,Purugganan,14.09,7.633,6.457
2022,September,Rockman,16.008,12.369,3.639
2022,September,Rojas,0.005,0.0,0.005
2022,September,Rushlow,0.296,0.0,0.296
2022,September,Sanjana,5.991,3.283,2.708
2022,September,Satija,2.921,0.0,2.921
2022,September,Scicchitano,0.402,0.0,0.402
2022,September,Siegal,30.944,30.664,0.28
2022,September,Small,0.014,0.0,0.014
2022,September,Smith,1.297,0.461,0.836
2022,September,Vogel,0.042,0.0,0.042
2022,August,Bergelson,77.932,77.932,0.0
2022,August,Birnbaum,21.541,19.263,2.278
2022,August,Blau,0.184,0.0,0.184
2022,August,Bonneau,17.79,17.79,0.0
2022,August,Carlton,30.04,28.225,1.815
2022,August,Carmona-Fontaine,0.228,0.0,0.228
2022,August,Christiaen,0.899,0.0,0.899
2022,August,Coruzzi,26.537,23.304,3.233
2022,August,Desplan,21.381,17.558,3.823
2022,August,Disotell,0.004,0.0,0.004
2022,August,Eichenberger,0.128,0.0,0.128
2022,August,Ercan,27.838,24.604,3.234
2022,August,Fitch,0.189,0.0,0.189
2022,August,Ghedin,10.073,0.0,10.073
2022,August,Gresham,41.696,36.432,5.264
2022,August,Gunsiano,6.619,6.619,0.0
2022,August,Hochwagen,0.981,0.0,0.981
2022,August,Huang,1.14,0.672,0.468
2022,August,Li,0.043,0.0,0.043
2022,August,Mazzoni,14.284,11.254,3.03
2022,August,Purugganan,13.508,7.633,5.875
2022,August,Rockman,14.885,11.512,3.373
2022,August,Rojas,0.005,0.0,0.005
2022,August,Rushlow,0.296,0.0,0.296
2022,August,Sanjana,5.991,3.283,2.708
2022,August,Satija,2.921,0.0,2.921
2022,August,Scicchitano,0.402,0.0,0.402
2022,August,Siegal,30.944,30.664,0.28
2022,August,Small,0.014,0.0,0.014
2022,August,Smith,1.297,0.461,0.836
2022,August,Vogel,0.042,0.0,0.042
2022,July,Bergelson,70.735,70.735,0.0
2022,July,Birnbaum,20.83,18.552,2.278
2022,July,Blau,0.184,0.0,0.184
2022,July,Bonneau,17.79,17.79,0.0
2022,July,Carlton,29.366,27.654,1.712
2022,July,Carmona-Fontaine,0.228,0.0,0.228
2022,July,Christiaen,0.899,0.0,0.899
2022,July,Coruzzi,27.041,23.808,3.233
2022,July,Desplan,20.74,17.139,3.601
2022,July,Disotell,0.004,0.0,0.004
2022,July,Eichenberger,0.128,0.0,0.128
2022,July,Ercan,27.82,24.604,3.216
2022,July,Fitch,0.189,0.0,0.189
2022,July,Ghedin,10.073,0.0,10.073
2022,July,Gresham,41.409,36.154,5.255
2022,July,Gunsiano,6.619,6.619,0.0
2022,July,Hochwagen,0.981,0.0,0.981
2022,July,Huang,1.139,0.671,0.468
2022,July,Li,0.043,0.0,0.043
2022,July,Mazzoni,11.669,8.752,2.917
2022,July,Purugganan,13.505,7.633,5.872
2022,July,Rockman,13.957,11.512,2.445
2022,July,Rojas,0.005,0.0,0.005
2022,July,Rushlow,0.296,0.0,0.296
2022,July,Sanjana,5.991,3.283,2.708
2022,July,Satija,2.921,0.0,2.921
2022,July,Scicchitano,0.402,0.0,0.402
2022,July,Siegal,35.913,35.677,0.236
2022,July,Small,0.014,0.0,0.014
2022,July,Smith,1.287,0.461,0.826
2022,July,Vogel,0.042,0.0,0.042
2022,June,Bergelson,71.193,71.193,0.0
2022,June,Birnbaum,19.391,17.238,2.153
2022,June,Blau,0.184,0.0,0.184
2022,June,Bonneau,17.79,17.79,0.0
2022,June,Carlton,29.275,27.563,1.712
2022,June,Carmona-Fontaine,0.228,0.0,0.228
2022,June,Christiaen,0.899,0.0,0.899
2022,June,Coruzzi,27.936,24.703,3.233
2022,June,Desplan,20.135,16.905,3.23
2022,June,Disotell,0.004,0.0,0.004
2022,June,Eichenberger,0.128,0.0,0.128
2022,June,Ercan,27.797,24.599,3.198
2022,June,Fitch,0.189,0.0,0.189
2022,June,Ghedin,10.073,0.0,10.073
2022,June,Gresham,36.895,31.64,5.255
2022,June,Gunsiano,6.619,6.619,0.0
2022,June,Hochwagen,0.917,0.0,0.917
2022,June,Huang,1.12,0.652,0.468
2022,June,Li,0.007,0.0,0.007
2022,June,Mazzoni,11.206,8.565,2.641
2022,June,Purugganan,13.4,7.633,5.767
2022,June,Rockman,11.443,10.535,0.908
2022,June,Rojas,0.005,0.0,0.005
2022,June,Rushlow,0.296,0.0,0.296
2022,June,Sanjana,5.974,3.283,2.691
2022,June,Satija,2.909,0.0,2.909
2022,June,Scicchitano,0.273,0.0,0.273
2022,June,Siegal,47.092,46.856,0.236
2022,June,Small,0.014,0.0,0.014
2022,June,Smith,1.274,0.461,0.813
2022,June,Vogel,0.042,0.0,0.042
2022,May,Bergelson,70.924,70.924,0.0
2022,May,Birnbaum,18.624,16.471,2.153
2022,May,Blau,0.165,0.0,0.165
2022,May,Bonneau,17.789,17.789,0.0
2022,May,Carlton,29.232,27.52,1.712
2022,May,Carmona-Fontaine,0.228,0.0,0.228
2022,May,Christiaen,0.899,0.0,0.899
2022,May,Coruzzi,27.842,24.609,3.233
2022,May,Desplan,18.092,15.181,2.911
2022,May,Disotell,0.004,0.0,0.004
2022,May,Eichenberger,0.128,0.0,0.128
2022,May,Ercan,27.3,24.117,3.183
2022,May,Fitch,0.189,0.0,0.189
2022,May,Ghedin,10.073,0.0,10.073
2022,May,Gresham,35.259,30.004,5.255
2022,May,Gunsiano,6.619,6.619,0.0
2022,May,Hochwagen,0.917,0.0,0.917
2022,May,Huang,1.118,0.65,0.468
2022,May,Li,0.007,0.0,0.007
2022,May,Mazzoni,10.429,7.962,2.467
2022,May,Purugganan,13.199,7.633,5.566
2022,May,Rockman,11.315,10.407,0.908
2022,May,Rojas,0.005,0.0,0.005
2022,May,Rushlow,0.296,0.0,0.296
2022,May,Sanjana,5.932,3.283,2.649
2022,May,Satija,2.909,0.0,2.909
2022,May,Scicchitano,0.273,0.0,0.273
2022,May,Siegal,42.981,42.745,0.236
2022,May,Small,0.014,0.0,0.014
2022,May,Smith,1.263,0.461,0.802
2022,May,Vogel,0.042,0.0,0.042
2022,April,Bergelson,70.473,70.473,0.0
2022,April,Birnbaum,18.504,16.41,2.094
2022,April,Blau,0.144,0.0,0.144
2022,April,Bonneau,17.868,17.868,0.0
2022,April,Carlton,25.322,23.61,1.712
2022,April,Carmona-Fontaine,0.163,0.0,0.163
2022,April,Christiaen,0.899,0.0,0.899
2022,April,Coruzzi,27.716,24.501,3.215
2022,April,Desplan,16.59,13.694,2.896
2022,April,Disotell,0.004,0.0,0.004
2022,April,Eichenberger,0.128,0.0,0.128
2022,April,Ercan,22.406,19.319,3.087
2022,April,Fitch,0.189,0.0,0.189
2022,April,Ghedin,9.911,0.0,9.911
2022,April,Gresham,35.258,30.003,5.255
2022,April,Gunsiano,6.619,6.619,0.0
2022,April,Hochwagen,0.917,0.0,0.917
2022,April,Huang,1.083,0.65,0.433
2022,April,Li,0.007,0.0,0.007
2022,April,Mazzoni,10.423,7.956,2.467
2022,April,Purugganan,13.048,7.633,5.415
2022,April,Rockman,10.931,10.023,0.908
2022,April,Rojas,0.005,0.0,0.005
2022,April,Rushlow,0.296,0.0,0.296
2022,April,Sanjana,5.799,3.283,2.516
2022,April,Satija,2.909,0.0,2.909
2022,April,Scicchitano,0.273,0.0,0.273
2022,April,Siegal,35.158,35.017,0.141
2022,April,Small,0.014,0.0,0.014
2022,April,Smith,1.263,0.461,0.802
2022,April,Vogel,0.042,0.0,0.042
2022,March,Bergelson,69.921,69.921,0.0
2022,March,Birnbaum,17.306,15.399,1.907
2022,March,Blau,0.132,0.0,0.132
2022,March,Bonneau,17.73,17.73,0.0
2022,March,Carlton,25.254,23.542,1.712
2022,March,Carmona-Fontaine,0.163,0.0,0.163
2022,March,Christiaen,0.899,0.0,0.899
2022,March,Coruzzi,27.333,24.205,3.128
2022,March,Desplan,9.881,7.094,2.787
2022,March,Disotell,0.004,0.0,0.004
2022,March,Eichenberger,0.128,0.0,0.128
2022,March,Ercan,19.784,16.854,2.93
2022,March,Fitch,0.189,0.0,0.189
2022,March,Ghedin,9.835,0.0,9.835
2022,March,Gresham,34.079,29.706,4.373
2022,March,Gunsiano,6.619,6.619,0.0
2022,March,Hochwagen,0.863,0.0,0.863
2022,March,Huang,1.064,0.65,0.414
2022,March,Li,0.007,0.0,0.007
2022,March,Mazzoni,10.143,7.956,2.187
2022,March,Purugganan,13.048,7.633,5.415
2022,March,Rockman,10.931,10.023,0.908
2022,March,Rojas,0.005,0.0,0.005
2022,March,Rushlow,0.296,0.0,0.296
2022,March,Sanjana,5.745,3.283,2.462
2022,March,Satija,2.909,0.0,2.909
2022,March,Scicchitano,0.273,0.0,0.273
2022,March,Siegal,28.183,28.042,0.141
2022,March,Small,0.014,0.0,0.014
2022,March,Smith,1.254,0.461,0.793
2022,March,Vogel,0.042,0.0,0.042
2022,February,Bergelson,69.683,69.683,0.0
2022,February,Birnbaum,16.987,15.08,1.907
2022,February,Blau,0.121,0.0,0.121
2022,February,Bonneau,17.708,17.708,0.0
2022,February,Carlton,25.242,23.542,1.7
2022,February,Carmona-Fontaine,0.163,0.0,0.163
2022,February,Christiaen,0.893,0.0,0.893
2022,February,Coruzzi,27.176,24.172,3.004
2022,February,Desplan,8.972,6.315,2.657
2022,February,Disotell,0.004,0.0,0.004
2022,February,Eichenberger,0.128,0.0,0.128
2022,February,Ercan,48.974,46.159,2.815
2022,February,Fitch,0.189,0.0,0.189
2022,February,Ghedin,9.31,0.0,9.31
2022,February,Gresham,33.159,28.792,4.367
2022,February,Gunsiano,6.619,6.619,0.0
2022,February,Hochwagen,0.833,0.0,0.833
2022,February,Huang,1.063,0.649,0.414
2022,February,Li,0.007,0.0,0.007
2022,February,Mazzoni,7.608,5.447,2.161
2022,February,Purugganan,13.045,7.633,5.412
2022,February,Rockman,9.546,8.638,0.908
2022,February,Rojas,0.005,0.0,0.005
2022,February,Rushlow,0.296,0.0,0.296
2022,February,Sanjana,5.742,3.283,2.459
2022,February,Satija,2.909,0.0,2.909
2022,February,Scicchitano,0.273,0.0,0.273
2022,February,Siegal,25.956,25.815,0.141
2022,February,Small,0.014,0.0,0.014
2022,February,Smith,1.247,0.461,0.786
2022,February,Vogel,0.042,0.0,0.042
2022,January,Bergelson,69.426,69.426,0.0
2022,January,Birnbaum,16.921,15.014,1.907
2022,January,Blau,0.111,0.0,0.111
2022,January,Bonneau,17.708,17.708,0.0
2022,January,Carlton,25.224,23.537,1.687
2022,January,Carmona-Fontaine,0.163,0.0,0.163
2022,January,Christiaen,0.893,0.0,0.893
2022,January,Coruzzi,27.142,24.172,2.97
2022,January,Desplan,8.59,5.947,2.643
2022,January,Disotell,0.004,0.0,0.004
2022,January,Eichenberger,0.128,0.0,0.128
2022,January,Ercan,48.414,45.599,2.815
2022,January,Fitch,0.189,0.0,0.189
2022,January,Ghedin,9.31,0.0,9.31
2022,January,Gresham,33.064,28.79,4.274
2022,January,Gunsiano,6.619,6.619,0.0
2022,January,Hochwagen,0.805,0.0,0.805
2022,January,Huang,1.057,0.643,0.414
2022,January,Li,0.007,0.0,0.007
2022,January,Mazzoni,7.6,5.444,2.156
2022,January,Purugganan,13.045,7.633,5.412
2022,January,Rockman,9.546,8.638,0.908
2022,January,Rojas,0.005,0.0,0.005
2022,January,Rushlow,0.296,0.0,0.296
2022,January,Sanjana,5.332,3.283,2.049
2022,January,Satija,2.909,0.0,2.909
2022,January,Scicchitano,0.273,0.0,0.273
2022,January,Siegal,24.41,24.269,0.141
2022,January,Small,0.014,0.0,0.014
2022,January,Smith,1.247,0.461,0.786
2022,January,Vogel,0.042,0.0,0.042
2021,December,Bergelson,69.236,69.236,0.0
2021,December,Birnbaum,16.921,15.014,1.907
2021,December,Blau,0.111,0.0,0.111
2021,December,Bonneau,17.708,17.708,0.0
2021,December,Carlton,25.132,23.473,1.659
2021,December,Carmona-Fontaine,0.163,0.0,0.163
2021,December,Christiaen,0.839,0.0,0.839
2021,December,Coruzzi,27.373,24.403,2.97
2021,December,Desplan,8.569,5.926,2.643
2021,December,Disotell,0.004,0.0,0.004
2021,December,Eichenberger,0.128,0.0,0.128
2021,December,Ercan,45.152,42.438,2.714
2021,December,Fitch,0.189,0.0,0.189
2021,December,Ghedin,9.31,0.0,9.31
2021,December,Gresham,32.953,28.781,4.172
2021,December,Gunsiano,6.619,6.619,0.0
2021,December,Hochwagen,0.75,0.0,0.75
2021,December,Huang,1.021,0.607,0.414
2021,December,Li,0.007,0.0,0.007
2021,December,Mazzoni,7.528,5.372,2.156
2021,December,Purugganan,13.031,7.633,5.398
2021,December,Rockman,9.546,8.638,0.908
2021,December,Rojas,0.005,0.0,0.005
2021,December,Rushlow,0.296,0.0,0.296
2021,December,Sanjana,5.332,3.283,2.049
2021,December,Satija,2.909,0.0,2.909
2021,December,Scicchitano,0.273,0.0,0.273
2021,December,Siegal,24.41,24.269,0.141
2021,December,Small,0.014,0.0,0.014
2021,December,Smith,1.238,0.461,0.777
2021,December,Vogel,0.042,0.0,0.042
2021,November,Bergelson,69.166,69.166,0.0
2021,November,Birnbaum,16.921,15.014,1.907
2021,November,Blau,0.111,0.0,0.111
2021,November,Bonneau,17.708,17.708,0.0
2021,November,Carlton,23.136,21.883,1.253
2021,November,Carmona-Fontaine,0.163,0.0,0.163
2021,November,Christiaen,0.839,0.0,0.839
2021,November,Coruzzi,27.351,24.403,2.948
2021,November,Desplan,8.386,5.877,2.509
2021,November,Disotell,0.004,0.0,0.004
2021,November,Eichenberger,0.128,0.0,0.128
2021,November,Ercan,45.095,42.434,2.661
2021,November,Fitch,0.189,0.0,0.189
2021,November,Ghedin,9.309,0.0,9.309
2021,November,Gresham,31.949,27.921,4.028
2021,November,Gunsiano,6.619,6.619,0.0
2021,November,Hochwagen,0.702,0.0,0.702
2021,November,Huang,0.979,0.59,0.389
2021,November,Li,0.007,0.0,0.007
2021,November,Mazzoni,7.528,5.372,2.156
2021,November,Purugganan,13.031,7.633,5.398
2021,November,Rockman,9.546,8.638,0.908
2021,November,Rojas,0.005,0.0,0.005
2021,November,Rushlow,0.296,0.0,0.296
2021,November,Sanjana,5.297,3.283,2.014
2021,November,Satija,2.909,0.0,2.909
2021,November,Scicchitano,0.273,0.0,0.273
2021,November,Siegal,23.401,23.306,0.095
2021,November,Small,0.014,0.0,0.014
2021,November,Smith,1.229,0.461,0.768
2021,November,Vogel,0.042,0.0,0.042
2021,October,Bergelson,42.148,42.148,0.0
2021,October,Birnbaum,16.181,14.274,1.907
2021,October,Blau,0.111,0.0,0.111
2021,October,Bonneau,17.708,17.708,0.0
2021,October,Carlton,19.877,18.68,1.197
2021,October,Carmona-Fontaine,0.108,0.0,0.108
2021,October,Christiaen,0.839,0.0,0.839
2021,October,Coruzzi,27.324,24.397,2.927
2021,October,Desplan,8.353,5.844,2.509
2021,October,Disotell,0.004,0.0,0.004
2021,October,Eichenberger,0.128,0.0,0.128
2021,October,Ercan,45.425,42.855,2.57
2021,October,Fitch,0.189,0.0,0.189
2021,October,Ghedin,9.17,0.0,9.17
2021,October,Gresham,31.129,27.101,4.028
2021,October,Gunsiano,6.619,6.619,0.0
2021,October,Hochwagen,0.649,0.0,0.649
2021,October,Huang,0.979,0.59,0.389
2021,October,Li,0.007,0.0,0.007
2021,October,Mazzoni,7.528,5.372,2.156
2021,October,Purugganan,13.031,7.633,5.398
2021,October,Rockman,9.514,8.638,0.876
2021,October,Rojas,0.005,0.0,0.005
2021,October,Rushlow,0.296,0.0,0.296
2021,October,Sanjana,4.66,3.283,1.377
2021,October,Satija,0.813,0.0,0.813
2021,October,Scicchitano,0.227,0.0,0.227
2021,October,Siegal,18.742,18.647,0.095
2021,October,Small,0.014,0.0,0.014
2021,October,Smith,1.229,0.461,0.768
2021,October,Vogel,0.042,0.0,0.042
2021,September,Bergelson,37.584,37.584,0.0
2021,September,Birnbaum,16.029,14.165,1.864
2021,September,Blau,0.111,0.0,0.111
2021,September,Bonneau,17.708,17.708,0.0
2021,September,Carlton,18.855,17.671,1.184
2021,September,Carmona-Fontaine,0.108,0.0,0.108
2021,September,Christiaen,0.839,0.0,0.839
2021,September,Coruzzi,26.756,23.829,2.927
2021,September,Desplan,7.939,5.568,2.371
2021,September,Disotell,0.004,0.0,0.004
2021,September,Eichenberger,0.128,0.0,0.128
2021,September,Ercan,42.304,39.755,2.549
2021,September,Fitch,0.189,0.0,0.189
2021,September,Ghedin,9.17,0.0,9.17
2021,September,Gresham,30.522,26.589,3.933
2021,September,Gunsiano,6.619,6.619,0.0
2021,September,Hochwagen,0.639,0.0,0.639
2021,September,Huang,0.946,0.571,0.375
2021,September,Li,0.007,0.0,0.007
2021,September,Mazzoni,7.425,5.365,2.06
2021,September,Purugganan,13.031,7.633,5.398
2021,September,Rockman,9.514,8.638,0.876
2021,September,Rojas,0.005,0.0,0.005
2021,September,Rushlow,0.296,0.0,0.296
2021,September,Sanjana,4.652,3.283,1.369
2021,September,Satija,0.813,0.0,0.813
2021,September,Scicchitano,0.227,0.0,0.227
2021,September,Siegal,20.024,19.929,0.095
2021,September,Small,0.014,0.0,0.014
2021,September,Smith,1.222,0.461,0.761
2021,September,Vogel,0.042,0.0,0.042
2021,August,Bergelson,35.894,35.894,0.0
2021,August,Birnbaum,15.983,14.119,1.864
2021,August,Blau,0.111,0.0,0.111
2021,August,Bonneau,17.708,17.708,0.0
2021,August,Carlton,18.557,17.373,1.184
2021,August,Carmona-Fontaine,0.108,0.0,0.108
2021,August,Christiaen,0.839,0.0,0.839
2021,August,Coruzzi,26.756,23.829,2.927
2021,August,Desplan,7.793,5.488,2.305
2021,August,Disotell,0.004,0.0,0.004
2021,August,Eichenberger,0.128,0.0,0.128
2021,August,Ercan,35.903,33.547,2.356
2021,August,Fitch,0.189,0.0,0.189
2021,August,Ghedin,9.17,0.0,9.17
2021,August,Gresham,28.207,24.274,3.933
2021,August,Gunsiano,6.619,6.619,0.0
2021,August,Hochwagen,0.607,0.0,0.607
2021,August,Huang,0.93,0.555,0.375
2021,August,Li,0.007,0.0,0.007
2021,August,Mazzoni,7.009,4.996,2.013
2021,August,Purugganan,13.031,7.633,5.398
2021,August,Rockman,9.514,8.638,0.876
2021,August,Rojas,0.005,0.0,0.005
2021,August,Rushlow,0.296,0.0,0.296
2021,August,Sanjana,4.377,3.283,1.094
2021,August,Satija,0.813,0.0,0.813
2021,August,Scicchitano,0.115,0.0,0.115
2021,August,Siegal,20.023,19.928,0.095
2021,August,Small,0.014,0.0,0.014
2021,August,Smith,1.222,0.461,0.761
2021,August,Vogel,0.042,0.0,0.042
2021,July,Bergelson,35.201,35.201,0.0
2021,July,Birnbaum,15.613,13.916,1.697
2021,July,Blau,0.111,0.0,0.111
2021,July,Bonneau,17.708,17.708,0.0
2021,July,Carlton,18.518,17.334,1.184
2021,July,Carmona-Fontaine,0.047,0.0,0.047
2021,July,Christiaen,0.839,0.0,0.839
2021,July,Coruzzi,26.729,23.802,2.927
2021,July,Desplan,7.787,5.482,2.305
2021,July,Disotell,0.004,0.0,0.004
2021,July,Eichenberger,0.128,0.0,0.128
2021,July,Ercan,32.955,30.621,2.334
2021,July,Fitch,0.189,0.0,0.189
2021,July,Ghedin,9.17,0.0,9.17
2021,July,Gresham,27.024,23.379,3.645
2021,July,Gunsiano,6.619,6.619,0.0
2021,July,Hochwagen,0.586,0.0,0.586
2021,July,Huang,0.925,0.55,0.375
2021,July,Li,0.007,0.0,0.007
2021,July,Mazzoni,6.95,4.966,1.984
2021,July,Purugganan,13.031,7.633,5.398
2021,July,Rockman,9.514,8.638,0.876
2021,July,Rojas,0.005,0.0,0.005
2021,July,Rushlow,0.296,0.0,0.296
2021,July,Sanjana,4.238,3.283,0.955
2021,July,Satija,0.813,0.0,0.813
2021,July,Scicchitano,0.115,0.0,0.115
2021,July,Siegal,27.459,27.364,0.095
2021,July,Small,0.014,0.0,0.014
2021,July,Smith,1.22,0.461,0.759
2021,July,Vogel,0.042,0.0,0.042
2021,June,Birnbaum,15.613,13.916,1.697
2021,June,Blau,0.111,0.0,0.111
2021,June,Bonneau,17.708,17.708,0.0
2021,June,Carlton,17.846,16.662,1.184
2021,June,Carmona-Fontaine,0.047,0.0,0.047
2021,June,Christiaen,0.839,0.0,0.839
2021,June,Coruzzi,26.599,23.672,2.927
2021,June,Desplan,6.557,4.272,2.285
2021,June,Disotell,0.004,0.0,0.004
2021,June,Eichenberger,0.128,0.0,0.128
2021,June,Ercan,23.602,21.364,2.238
2021,June,Fitch,0.189,0.0,0.189
2021,June,Ghedin,9.17,0.0,9.17
2021,June,Gresham,26.618,23.303,3.315
2021,June,Gunsiano,6.619,6.619,0.0
2021,June,Hochwagen,0.567,0.0,0.567
2021,June,Huang,0.89,0.538,0.352
2021,June,Li,0.007,0.0,0.007
2021,June,Mazzoni,6.95,4.966,1.984
2021,June,Purugganan,13.031,7.633,5.398
2021,June,Rockman,9.394,8.551,0.843
2021,June,Rojas,0.005,0.0,0.005
2021,June,Rushlow,0.296,0.0,0.296
2021,June,Sanjana,3.994,3.283,0.711
2021,June,Satija,0.813,0.0,0.813
2021,June,Scicchitano,0.115,0.0,0.115
2021,June,Siegal,26.959,26.864,0.095
2021,June,Small,0.014,0.0,0.014
2021,June,Smith,1.22,0.461,0.759
2021,June,Vogel,0.042,0.0,0.042
2021,May,Birnbaum,15.139,13.561,1.578
2021,May,Blau,0.111,0.0,0.111
2021,May,Bonneau,17.708,17.708,0.0
2021,May,Carlton,17.714,16.533,1.181
2021,May,Carmona-Fontaine,0.047,0.0,0.047
2021,May,Christiaen,0.839,0.0,0.839
2021,May,Coruzzi,26.481,23.663,2.818
2021,May,Desplan,6.471,4.251,2.22
2021,May,Disotell,0.004,0.0,0.004
2021,May,Eichenberger,0.128,0.0,0.128
2021,May,Ercan,13.607,11.381,2.226
2021,May,Fitch,0.189,0.0,0.189
2021,May,Ghedin,8.387,0.0,8.387
2021,May,Gresham,26.25,23.297,2.953
2021,May,Gunsiano,6.619,6.619,0.0
2021,May,Hochwagen,0.567,0.0,0.567
2021,May,Huang,0.89,0.538,0.352
2021,May,Li,0.007,0.0,0.007
2021,May,Mazzoni,6.95,4.966,1.984
2021,May,Purugganan,13.031,7.633,5.398
2021,May,Rockman,9.347,8.542,0.805
2021,May,Rojas,0.005,0.0,0.005
2021,May,Rushlow,0.296,0.0,0.296
2021,May,Sanjana,3.969,3.283,0.686
2021,May,Satija,0.813,0.0,0.813
2021,May,Scicchitano,0.099,0.0,0.099
2021,May,Siegal,24.114,24.019,0.095
2021,May,Small,0.014,0.0,0.014
2021,May,Smith,1.209,0.461,0.748
2021,May,Vogel,0.042,0.0,0.042
2021,April,Birnbaum,14.822,13.303,1.519
2021,April,Blau,0.111,0.0,0.111
2021,April,Bonneau,17.708,17.708,0.0
2021,April,Carlton,16.512,15.363,1.149
2021,April,Carmona-Fontaine,0.047,0.0,0.047
2021,April,Christiaen,0.839,0.0,0.839
2021,April,Coruzzi,26.145,23.341,2.804
2021,April,Desplan,6.466,4.247,2.219
2021,April,Disotell,0.004,0.0,0.004
2021,April,Eichenberger,0.128,0.0,0.128
2021,April,Ercan,14.339,12.113,2.226
2021,April,Fitch,0.189,0.0,0.189
2021,April,Ghedin,7.94,0.0,7.94
2021,April,Gresham,26.071,23.25,2.821
2021,April,Gunsiano,6.619,6.619,0.0
2021,April,Hochwagen,0.567,0.0,0.567
2021,April,Huang,0.89,0.538,0.352
2021,April,Li,0.007,0.0,0.007
2021,April,Mazzoni,6.854,4.914,1.94
2021,April,Purugganan,13.031,7.633,5.398
2021,April,Rockman,9.454,8.682,0.772
2021,April,Rojas,0.005,0.0,0.005
2021,April,Rushlow,0.296,0.0,0.296
2021,April,Sanjana,3.945,3.283,0.662
2021,April,Satija,0.813,0.0,0.813
2021,April,Scicchitano,0.091,0.0,0.091
2021,April,Siegal,22.966,22.871,0.095
2021,April,Small,0.014,0.0,0.014
2021,April,Smith,1.196,0.461,0.735
2021,April,Vogel,0.042,0.0,0.042
2021,March,Birnbaum,12.042,10.523,1.519
2021,March,Blau,0.111,0.0,0.111
2021,March,Bonneau,17.708,17.708,0.0
2021,March,Carlton,16.212,15.063,1.149
2021,March,Carmona-Fontaine,0.047,0.0,0.047
2021,March,Christiaen,0.839,0.0,0.839
2021,March,Coruzzi,25.904,23.121,2.783
2021,March,Desplan,6.325,4.173,2.152
2021,March,Disotell,0.004,0.0,0.004
2021,March,Eichenberger,0.128,0.0,0.128
2021,March,Ercan,16.415,14.205,2.21
2021,March,Fitch,0.189,0.0,0.189
2021,March,Ghedin,7.94,0.0,7.94
2021,March,Gresham,25.955,23.19,2.765
2021,March,Gunsiano,6.619,6.619,0.0
2021,March,Hochwagen,0.567,0.0,0.567
2021,March,Huang,0.875,0.538,0.337
2021,March,Li,0.007,0.0,0.007
2021,March,Mazzoni,6.504,4.609,1.895
2021,March,Purugganan,13.031,7.633,5.398
2021,March,Rockman,9.321,8.549,0.772
2021,March,Rojas,0.005,0.0,0.005
2021,March,Rushlow,0.296,0.0,0.296
2021,March,Sanjana,3.945,3.283,0.662
2021,March,Satija,0.813,0.0,0.813
2021,March,Scicchitano,0.091,0.0,0.091
2021,March,Siegal,15.423,15.328,0.095
2021,March,Small,0.014,0.0,0.014
2021,March,Smith,1.196,0.461,0.735
2021,March,Vogel,0.042,0.0,0.042
2021,February,Birnbaum,2.661,1.248,1.413
2021,February,Blau,0.111,0.0,0.111
2021,February,Bonneau,17.683,17.683,0.0
2021,February,Carlton,15.63,14.663,0.967
2021,February,Carmona-Fontaine,0.047,0.0,0.047
2021,February,Christiaen,0.823,0.0,0.823
2021,February,Coruzzi,19.492,16.827,2.665
2021,February,Desplan,5.769,3.88,1.889
2021,February,Disotell,0.004,0.0,0.004
2021,February,Eichenberger,0.128,0.0,0.128
2021,February,Ercan,32.679,30.576,2.103
2021,February,Fitch,0.189,0.0,0.189
2021,February,Ghedin,7.373,0.0,7.373
2021,February,Gresham,17.035,15.028,2.007
2021,February,Gunsiano,6.595,6.595,0.0
2021,February,Hochwagen,0.435,0.0,0.435
2021,February,Huang,0.833,0.523,0.31
2021,February,Li,0.007,0.0,0.007
2021,February,Mazzoni,4.925,3.33,1.595
2021,February,Purugganan,13.029,7.633,5.396
2021,February,Rockman,9.016,8.333,0.683
2021,February,Rojas,0.005,0.0,0.005
2021,February,Rushlow,0.296,0.0,0.296
2021,February,Sanjana,3.573,3.151,0.422
2021,February,Satija,0.813,0.0,0.813
2021,February,Scicchitano,0.074,0.0,0.074
2021,February,Siegal,3.844,3.781,0.063
2021,February,Small,0.014,0.0,0.014
2021,February,Smith,1.15,0.461,0.689
2021,February,Vogel,0.042,0.0,0.042
2021,January,Birnbaum,2.661,1.248,1.413
2021,January,Blau,0.111,0.0,0.111
2021,January,Bonneau,17.683,17.683,0.0
2021,January,Carlton,15.63,14.663,0.967
2021,January,Carmona-Fontaine,0.047,0.0,0.047
2021,January,Christiaen,0.823,0.0,0.823
2021,January,Coruzzi,19.492,16.827,2.665
2021,January,Desplan,5.769,3.88,1.889
2021,January,Disotell,0.004,0.0,0.004
2021,January,Eichenberger,0.128,0.0,0.128
2021,January,Ercan,32.679,30.576,2.103
2021,January,Fitch,0.189,0.0,0.189
2021,January,Ghedin,7.373,0.0,7.373
2021,January,Gresham,17.035,15.028,2.007
2021,January,Gunsiano,6.595,6.595,0.0
2021,January,Hochwagen,0.435,0.0,0.435
2021,January,Huang,0.833,0.523,0.31
2021,January,Li,0.007,0.0,0.007
2021,January,Mazzoni,4.925,3.33,1.595
2021,January,Purugganan,13.029,7.633,5.396
2021,January,Rockman,9.016,8.333,0.683
2021,January,Rojas,0.005,0.0,0.005
2021,January,Rushlow,0.296,0.0,0.296
2021,January,Sanjana,3.573,3.151,0.422
2021,January,Satija,0.813,0.0,0.813
2021,January,Scicchitano,0.074,0.0,0.074
2021,January,Siegal,3.844,3.781,0.063
2021,January,Small,0.014,0.0,0.014
2021,January,Smith,1.15,0.461,0.689
2021,January,Vogel,0.042,0.0,0.042
2020,December,Birnbaum,2.661,1.248,1.413
2020,December,Blau,0.111,0.0,0.111
2020,December,Bonneau,17.683,17.683,0.0
2020,December,Carlton,15.63,14.663,0.967
2020,December,Carmona-Fontaine,0.047,0.0,0.047
2020,December,Christiaen,0.823,0.0,0.823
2020,December,Coruzzi,19.492,16.827,2.665
2020,December,Desplan,5.769,3.88,1.889
2020,December,Disotell,0.004,0.0,0.004
2020,December,Eichenberger,0.128,0.0,0.128
2020,December,Ercan,32.679,30.576,2.103
2020,December,Fitch,0.189,0.0,0.189
2020,December,Ghedin,7.373,0.0,7.373
2020,December,Gresham,17.035,15.028,2.007
2020,December,Gunsiano,6.595,6.595,0.0
2020,December,Hochwagen,0.435,0.0,0.435
2020,December,Huang,0.833,0.523,0.31
2020,December,Li,0.007,0.0,0.007
2020,December,Mazzoni,4.925,3.33,1.595
2020,December,Purugganan,13.029,7.633,5.396
2020,December,Rockman,9.016,8.333,0.683
2020,December,Rojas,0.005,0.0,0.005
2020,December,Rushlow,0.296,0.0,0.296
2020,December,Sanjana,3.573,3.151,0.422
2020,December,Satija,0.813,0.0,0.813
2020,December,Scicchitano,0.074,0.0,0.074
2020,December,Siegal,3.844,3.781,0.063
2020,December,Small,0.014,0.0,0.014
2020,December,Smith,1.15,0.461,0.689
2020,December,Vogel,0.042,0.0,0.042
2020,November,Birnbaum,2.661,1.248,1.413
2020,November,Blau,0.111,0.0,0.111
2020,November,Bonneau,17.683,17.683,0.0
2020,November,Carlton,15.63,14.663,0.967
2020,November,Carmona-Fontaine,0.047,0.0,0.047
2020,November,Christiaen,0.823,0.0,0.823
2020,November,Coruzzi,19.492,16.827,2.665
2020,November,Desplan,5.769,3.88,1.889
2020,November,Disotell,0.004,0.0,0.004
2020,November,Eichenberger,0.128,0.0,0.128
2020,November,Ercan,32.679,30.576,2.103
2020,November,Fitch,0.189,0.0,0.189
2020,November,Ghedin,7.373,0.0,7.373
2020,November,Gresham,17.035,15.028,2.007
2020,November,Gunsiano,6.595,6.595,0.0
2020,November,Hochwagen,0.435,0.0,0.435
2020,November,Huang,0.833,0.523,0.31
2020,November,Li,0.007,0.0,0.007
2020,November,Mazzoni,4.925,3.33,1.595
2020,November,Purugganan,13.029,7.633,5.396
2020,November,Rockman,9.016,8.333,0.683
2020,November,Rojas,0.005,0.0,0.005
2020,November,Rushlow,0.296,0.0,0.296
2020,November,Sanjana,3.573,3.151,0.422
2020,November,Satija,0.813,0.0,0.813
2020,November,Scicchitano,0.074,0.0,0.074
2020,November,Siegal,3.844,3.781,0.063
2020,November,Small,0.014,0.0,0.014
2020,November,Smith,1.15,0.461,0.689
2020,November,Vogel,0.042,0.0,0.042
2020,October,Birnbaum,2.661,1.248,1.413
2020,October,Blau,0.111,0.0,0.111
2020,October,Bonneau,17.683,17.683,0.0
2020,October,Carlton,15.641,14.674,0.967
2020,October,Carmona-Fontaine,0.047,0.0,0.047
2020,October,Christiaen,0.823,0.0,0.823
2020,October,Coruzzi,19.416,16.751,2.665
2020,October,Desplan,5.7,3.881,1.819
2020,October,Disotell,0.004,0.0,0.004
2020,October,Eichenberger,0.128,0.0,0.128
2020,October,Ercan,31.208,29.208,2.0
2020,October,Fitch,0.189,0.0,0.189
2020,October,Ghedin,7.373,0.0,7.373
2020,October,Gresham,16.78,15.029,1.751
2020,October,Gunsiano,6.595,6.595,0.0
2020,October,Hochwagen,0.435,0.0,0.435
2020,October,Huang,0.833,0.523,0.31
2020,October,Li,0.007,0.0,0.007
2020,October,Mazzoni,4.195,2.646,1.549
2020,October,Purugganan,13.025,7.633,5.392
2020,October,Rockman,9.014,8.331,0.683
2020,October,Rojas,0.005,0.0,0.005
2020,October,Rushlow,0.296,0.0,0.296
2020,October,Sanjana,3.56,3.151,0.409
2020,October,Satija,0.813,0.0,0.813
2020,October,Scicchitano,0.074,0.0,0.074
2020,October,Sequme,0.928,0.928,0.0
2020,October,Siegal,1.939,1.876,0.063
2020,October,Small,0.014,0.0,0.014
2020,October,Smith,1.123,0.461,0.662
2020,October,Vogel,0.042,0.0,0.042
2020,September,Birnbaum,2.6,1.248,1.352
2020,September,Blau,0.111,0.0,0.111
2020,September,Bonneau,17.683,17.683,0.0
2020,September,Carlton,15.565,14.598,0.967
2020,September,Carmona-Fontaine,0.047,0.0,0.047
2020,September,Christiaen,0.823,0.0,0.823
2020,September,Coruzzi,19.325,16.66,2.665
2020,September,Desplan,5.567,3.881,1.686
2020,September,Disotell,0.004,0.0,0.004
2020,September,Eichenberger,0.128,0.0,0.128
2020,September,Ercan,27.954,26.378,1.576
2020,September,Fitch,0.189,0.0,0.189
2020,September,Ghedin,7.214,0.0,7.214
2020,September,Gresham,16.747,14.996,1.751
2020,September,Gunsiano,6.595,6.595,0.0
2020,September,Hochwagen,0.41,0.0,0.41
2020,September,Huang,0.833,0.523,0.31
2020,September,Li,0.007,0.0,0.007
2020,September,Mazzoni,4.113,2.598,1.515
2020,September,Purugganan,11.877,7.633,4.244
2020,September,Rockman,9.003,8.32,0.683
2020,September,Rojas,0.005,0.0,0.005
2020,September,Rushlow,0.296,0.0,0.296
2020,September,Sanjana,3.56,3.151,0.409
2020,September,Satija,0.813,0.0,0.813
2020,September,Scicchitano,0.074,0.0,0.074
2020,September,Sequme,0.928,0.928,0.0
2020,September,Siegal,1.014,0.97,0.044
2020,September,Small,0.014,0.0,0.014
2020,September,Smith,1.123,0.461,0.662
2020,September,Vogel,0.042,0.0,0.042
2020,August,Birnbaum,2.543,1.248,1.295
2020,August,Blau,0.111,0.0,0.111
2020,August,Bonneau,17.683,17.683,0.0
2020,August,Carlton,15.52,14.553,0.967
2020,August,Carmona-Fontaine,0.047,0.0,0.047
2020,August,Christiaen,0.789,0.0,0.789
2020,August,Coruzzi,19.241,16.576,2.665
2020,August,Desplan,6.029,4.425,1.604
2020,August,Disotell,0.004,0.0,0.004
2020,August,Eichenberger,0.128,0.0,0.128
2020,August,Ercan,29.19,27.64,1.55
2020,August,Fitch,0.189,0.0,0.189
2020,August,Ghedin,7.052,0.0,7.052
2020,August,Gresham,16.691,14.976,1.715
2020,August,Gunsiano,6.595,6.595,0.0
2020,August,Hochwagen,0.398,0.0,0.398
2020,August,Huang,0.805,0.495,0.31
2020,August,Li,0.007,0.0,0.007
2020,August,Mazzoni,2.857,1.414,1.443
2020,August,Purugganan,11.877,7.633,4.244
2020,August,Rockman,8.928,8.245,0.683
2020,August,Rojas,0.005,0.0,0.005
2020,August,Rushlow,0.296,0.0,0.296
2020,August,Sanjana,3.461,3.151,0.31
2020,August,Satija,0.813,0.0,0.813
2020,August,Scicchitano,0.074,0.0,0.074
2020,August,Sequme,0.928,0.928,0.0
2020,August,Siegal,0.044,0.0,0.044
2020,August,Small,0.014,0.0,0.014
2020,August,Smith,1.11,0.461,0.649
2020,August,Vogel,0.042,0.0,0.042
2020,July,Birnbaum,2.543,1.248,1.295
2020,July,Blau,0.111,0.0,0.111
2020,July,Bonneau,17.683,17.683,0.0
2020,July,Carlton,15.519,14.552,0.967
2020,July,Carmona-Fontaine,0.047,0.0,0.047
2020,July,Christiaen,0.776,0.0,0.776
2020,July,Coruzzi,19.045,16.396,2.649
2020,July,Desplan,5.865,4.425,1.44
2020,July,Disotell,0.004,0.0,0.004
2020,July,Eichenberger,0.128,0.0,0.128
2020,July,Ercan,28.782,27.53,1.252
2020,July,Fitch,0.173,0.0,0.173
2020,July,Ghedin,7.052,0.0,7.052
2020,July,Gresham,16.209,14.949,1.26
2020,July,Gunsiano,6.595,6.595,0.0
2020,July,Hochwagen,0.393,0.0,0.393
2020,July,Huang,0.78,0.489,0.291
2020,July,Li,0.007,0.0,0.007
2020,July,Mazzoni,2.841,1.49,1.351
2020,July,Purugganan,11.877,7.633,4.244
2020,July,Rockman,8.928,8.245,0.683
2020,July,Rojas,0.005,0.0,0.005
2020,July,Rushlow,0.296,0.0,0.296
2020,July,Sanjana,3.461,3.151,0.31
2020,July,Satija,0.813,0.0,0.813
2020,July,Scicchitano,0.066,0.0,0.066
2020,July,Sequme,0.928,0.928,0.0
2020,July,Siegal,0.044,0.0,0.044
2020,July,Small,0.014,0.0,0.014
2020,July,Smith,1.084,0.461,0.623
2020,July,Vogel,0.042,0.0,0.042
2020,June,Birnbaum,2.543,1.248,1.295
2020,June,Blau,0.111,0.0,0.111
2020,June,Bonneau,17.683,17.683,0.0
2020,June,Carlton,15.193,14.226,0.967
2020,June,Carmona-Fontaine,0.047,0.0,0.047
2020,June,Christiaen,0.776,0.0,0.776
2020,June,Coruzzi,18.862,16.213,2.649
2020,June,Desplan,5.706,4.39,1.316
2020,June,Disotell,0.004,0.0,0.004
2020,June,Eichenberger,0.128,0.0,0.128
2020,June,Ercan,25.639,24.387,1.252
2020,June,Fitch,0.161,0.0,0.161
2020,June,Ghedin,7.05,0.0,7.05
2020,June,Gresham,16.205,14.945,1.26
2020,June,Gunsiano,6.595,6.595,0.0
2020,June,Hochwagen,0.393,0.0,0.393
2020,June,Huang,0.78,0.489,0.291
2020,June,Li,0.007,0.0,0.007
2020,June,Mazzoni,1.552,0.313,1.239
2020,June,Purugganan,11.877,7.633,4.244
2020,June,Rockman,8.635,7.952,0.683
2020,June,Rojas,0.005,0.0,0.005
2020,June,Rushlow,0.296,0.0,0.296
2020,June,Sanjana,3.443,3.151,0.292
2020,June,Satija,0.813,0.0,0.813
2020,June,Scicchitano,0.052,0.0,0.052
2020,June,Sequme,0.928,0.928,0.0
2020,June,Siegal,0.044,0.0,0.044
2020,June,Small,0.014,0.0,0.014
2020,June,Smith,1.05,0.461,0.589
2020,June,Vogel,0.042,0.0,0.042
2020,May,Birnbaum,2.543,1.248,1.295
2020,May,Blau,0.111,0.0,0.111
2020,May,Bonneau,17.683,17.683,0.0
2020,May,Carlton,13.196,12.229,0.967
2020,May,Carmona-Fontaine,0.047,0.0,0.047
2020,May,Christiaen,0.776,0.0,0.776
2020,May,Coruzzi,19.248,16.612,2.636
2020,May,Desplan,5.706,4.39,1.316
2020,May,Disotell,0.004,0.0,0.004
2020,May,Eichenberger,0.128,0.0,0.128
2020,May,Ercan,24.851,23.599,1.252
2020,May,Fitch,0.161,0.0,0.161
2020,May,Ghedin,6.922,0.0,6.922
2020,May,Gresham,16.156,14.896,1.26
2020,May,Gunsiano,6.595,6.595,0.0
2020,May,Hochwagen,0.386,0.0,0.386
2020,May,Huang,0.736,0.469,0.267
2020,May,Li,0.007,0.0,0.007
2020,May,Mazzoni,1.552,0.313,1.239
2020,May,Purugganan,11.877,7.633,4.244
2020,May,Rockman,8.594,7.911,0.683
2020,May,Rojas,0.005,0.0,0.005
2020,May,Rushlow,0.296,0.0,0.296
2020,May,Sanjana,3.443,3.151,0.292
2020,May,Satija,0.813,0.0,0.813
2020,May,Scicchitano,0.052,0.0,0.052
2020,May,Sequme,0.928,0.928,0.0
2020,May,Siegal,0.044,0.0,0.044
2020,May,Small,0.014,0.0,0.014
2020,May,Smith,1.05,0.461,0.589
2020,May,Vogel,0.042,0.0,0.042
2020,April,Birnbaum,2.543,1.248,1.295
2020,April,Blau,0.111,0.0,0.111
2020,April,Bonneau,17.683,17.683,0.0
2020,April,Carlton,13.196,12.229,0.967
2020,April,Carmona-Fontaine,0.047,0.0,0.047
2020,April,Christiaen,0.776,0.0,0.776
2020,April,Coruzzi,19.27,16.634,2.636
2020,April,Desplan,5.401,4.085,1.316
2020,April,Disotell,0.004,0.0,0.004
2020,April,Eichenberger,0.128,0.0,0.128
2020,April,Ercan,22.442,21.19,1.252
2020,April,Fitch,0.161,0.0,0.161
2020,April,Ghedin,6.919,0.0,6.919
2020,April,Gresham,16.085,14.825,1.26
2020,April,Gunsiano,6.595,6.595,0.0
2020,April,Hochwagen,0.386,0.0,0.386
2020,April,Huang,0.735,0.468,0.267
2020,April,Li,0.007,0.0,0.007
2020,April,Mazzoni,1.552,0.313,1.239
2020,April,Purugganan,11.877,7.633,4.244
2020,April,Rockamn,0.683,0.0,0.683
2020,April,Rockman,7.987,7.987,0.0
2020,April,Rojas,0.005,0.0,0.005
2020,April,Rushlow,0.296,0.0,0.296
2020,April,Sanjana,3.443,3.151,0.292
2020,April,Satija,0.813,0.0,0.813
2020,April,Scicchitano,0.052,0.0,0.052
2020,April,Sequme,0.928,0.928,0.0
2020,April,Siegal,0.044,0.0,0.044
2020,April,Small,0.014,0.0,0.014
2020,April,Smith,1.05,0.461,0.589
2020,April,Vogel,0.042,0.0,0.042
2026,May,Abreu,2.620,2.125,0.495
2026,May,Bayer,0.001,0.001,0.000
2026,May,Bergelson,90.047,81.030,9.017
2026,May,BioClasses,0.360,0.000,0.360
2026,May,Birnbaum,40.829,36.567,4.262
2026,May,Blau,0.299,0.000,0.299
2026,May,Bonneau,20.177,20.177,0.000
2026,May,Carlton,34.757,31.670,3.087
2026,May,Carmofon,0.402,0.000,0.402
2026,May,Christiaen,0.843,0.000,0.843
2026,May,Church,8.522,8.522,0.000
2026,May,Core,0.358,0.000,0.358
2026,May,Coruzzi,42.031,33.995,8.036
2026,May,Desplan,57.257,53.086,4.171
2026,May,Disotell,0.001,0.000,0.001
2026,May,Egrin,7.582,7.582,0.000
2026,May,Eichenberger,0.122,0.000,0.122
2026,May,Ercan,79.289,72.876,6.413
2026,May,Fitch,0.241,0.000,0.241
2026,May,Gainetdinov,52.982,49.360,3.622
2026,May,Ghedin,9.653,0.000,9.653
2026,May,Gresham,56.548,46.610,9.938
2026,May,Gunsalus,0.115,0.000,0.115
2026,May,Gunsiano,6.468,6.468,0.000
2026,May,Herati,1.288,0.000,1.288
2026,May,Hochwagen,39.476,37.602,1.874
2026,May,Huang,6.681,5.291,1.390
2026,May,Li,0.364,0.195,0.169
2026,May,Mazzoni,24.958,21.154,3.804
2026,May,Pascual,71.884,71.884,0.000
2026,May,Purugganan,12.850,0.000,12.850
2026,May,Regen,0.140,0.000,0.140
2026,May,Regulon,1.079,0.978,0.101
2026,May,Rocha,72.898,72.898,0.000
2026,May,Rockman,83.819,70.617,13.202
2026,May,Rojas,0.005,0.000,0.005
2026,May,Rushlow,0.291,0.000,0.291
2026,May,Sanjana,13.745,3.373,10.372
2026,May,Satija,2.821,0.000,2.821
2026,May,Scicchitano,1.356,0.000,1.356
2026,May,Siegal,45.844,42.960,2.884
2026,May,Small,0.018,0.000,0.018
2026,May,Smith,4.515,0.535,3.980
2026,May,Vogel,0.234,0.000,0.234
2026,May,Winchell,2.313,0.000,2.313
